SpeedMetersPerSecond,Location_Longitude,HeadingDegrees,VehicleId,Location_Latitude,ReportTimeDate
0,-88.08227,178,G 14,41.88918,2/4/2021 18:00
0,-88.08227,178,G 14,41.88918,2/4/2021 18:00
1,-87.92037,230,G 13,41.93138,2/4/2021 18:01
11,-87.92338,272,G 13,41.93142,2/4/2021 18:01
12,-87.92615,270,G 13,41.9315,2/4/2021 18:02
12,-87.93222,272,G 13,41.93168,2/4/2021 18:02
4,-88.08223,146,G 14,41.889,2/4/2021 18:02
8,-88.07965,86,G 14,41.88898,2/4/2021 18:02
11,-87.93528,266,G 13,41.9317,2/4/2021 18:03
8,-87.93937,264,G 13,41.93147,2/4/2021 18:03
11,-88.07703,84,G 14,41.88915,2/4/2021 18:03
13,-88.07067,86,G 14,41.8895,2/4/2021 18:03
11,-87.94152,260,G 13,41.9314,2/4/2021 18:04
1,-87.94607,264,G 13,41.9311,2/4/2021 18:04
12,-88.06758,84,G 14,41.8897,2/4/2021 18:04
5,-88.06368,40,G 14,41.89003,2/4/2021 18:04
11,-87.94813,266,G 13,41.93105,2/4/2021 18:05
9,-87.95293,264,G 13,41.93078,2/4/2021 18:05
11,-88.06342,358,G 14,41.89407,2/4/2021 18:05
12,-88.06347,358,G 14,41.89627,2/4/2021 18:05
10,-87.95485,256,G 13,41.93067,2/4/2021 18:06
7,-87.95683,240,G 13,41.93,2/4/2021 18:06
12,-88.06335,2,G 14,41.90018,2/4/2021 18:06
11,-87.96002,218,G 13,41.92705,2/4/2021 18:07
7,-88.06312,2,G 14,41.90278,2/4/2021 18:07
0,-88.0631,4,G 14,41.90303,2/4/2021 18:07
0,-88.0631,4,G 14,41.90303,2/4/2021 18:07
0,-88.0631,4,G 14,41.90303,2/4/2021 18:07
1,-87.96137,220,G 13,41.92568,2/4/2021 18:08
9,-87.96237,214,G 13,41.92462,2/4/2021 18:08
0,-87.96365,216,G 13,41.9233,2/4/2021 18:08
9,-88.06295,4,G 14,41.90378,2/4/2021 18:08
1,-87.96367,216,G 13,41.92328,2/4/2021 18:09
10,-87.96233,124,G 13,41.92198,2/4/2021 18:09
11,-88.06278,2,G 14,41.90603,2/4/2021 18:09
11,-88.06242,4,G 14,41.90977,2/4/2021 18:09
2,-87.96143,256,G 13,41.92195,2/4/2021 18:10
4,-87.96178,276,G 13,41.9218,2/4/2021 18:10
11,-88.06202,4,G 14,41.91395,2/4/2021 18:10
11,-88.0619,4,G 14,41.91525,2/4/2021 18:10
3,-87.96367,30,G 13,41.92327,2/4/2021 18:11
10,-87.96253,34,G 13,41.92437,2/4/2021 18:11
0,-88.06167,10,G 14,41.91793,2/4/2021 18:11
1,-88.06167,10,G 14,41.91795,2/4/2021 18:11
14,-87.95875,36,G 13,41.92818,2/4/2021 18:12
12,-87.9566,52,G 13,41.92997,2/4/2021 18:12
11,-88.06203,350,G 14,41.92147,2/4/2021 18:12
13,-87.95065,84,G 13,41.93085,2/4/2021 18:13
14,-87.94742,86,G 13,41.93102,2/4/2021 18:13
16,-88.06283,352,G 14,41.92642,2/4/2021 18:13
15,-88.0633,350,G 14,41.92927,2/4/2021 18:13
12,-88.06372,354,G 14,41.93193,2/4/2021 18:13
12,-87.9409,86,G 13,41.93133,2/4/2021 18:14
12,-87.93808,86,G 13,41.93147,2/4/2021 18:14
0,-88.06397,354,G 14,41.9344,2/4/2021 18:14
0,-88.06397,354,G 14,41.9344,2/4/2021 18:14
13,-87.9317,92,G 13,41.9316,2/4/2021 18:15
13,-87.9317,92,G 13,41.9316,2/4/2021 18:15
13,-87.9317,92,G 13,41.9316,2/4/2021 18:15
13,-87.9317,92,G 13,41.9316,2/4/2021 18:15
13,-87.9317,92,G 13,41.9316,2/4/2021 18:15
13,-87.9317,92,G 13,41.9316,2/4/2021 18:15
13,-87.9317,92,G 13,41.9316,2/4/2021 18:15
7,-88.06368,80,G 14,41.93505,2/4/2021 18:15
9,-88.0555,98,G 14,41.93487,2/4/2021 18:16
9,-88.0555,98,G 14,41.93487,2/4/2021 18:16
10,-88.05305,98,G 14,41.93442,2/4/2021 18:16
8,-88.04792,102,G 14,41.93347,2/4/2021 18:17
11,-88.04413,96,G 14,41.93295,2/4/2021 18:17
13,-87.92792,270,G 13,41.9315,2/4/2021 18:18
13,-88.03953,98,G 14,41.93235,2/4/2021 18:18
14,-88.036,98,G 14,41.932,2/4/2021 18:18
14,-87.93475,268,G 13,41.9317,2/4/2021 18:19
12,-87.93793,266,G 13,41.93155,2/4/2021 18:19
0,-88.03308,100,G 14,41.9316,2/4/2021 18:19
0,-88.03308,100,G 14,41.9316,2/4/2021 18:19
4,-87.9396,0,G 13,41.93183,2/4/2021 18:20
0,-87.93975,162,G 13,41.93195,2/4/2021 18:20
0,-87.93975,162,G 13,41.93195,2/4/2021 18:20
9,-88.03165,106,G 14,41.93122,2/4/2021 18:20
1,-88.0297,10,G 14,41.93088,2/4/2021 18:20
0,-88.03167,284,G 14,41.93143,2/4/2021 18:21
0,-88.03167,284,G 14,41.93143,2/4/2021 18:21
0,-88.03167,284,G 14,41.93143,2/4/2021 18:21
1,-87.93965,176,G 13,41.93183,2/4/2021 18:22
5,-87.9401,264,G 13,41.93145,2/4/2021 18:22
13,-87.94607,266,G 13,41.93113,2/4/2021 18:22
2,-88.03167,286,G 14,41.93143,2/4/2021 18:22
12,-87.94915,266,G 13,41.93098,2/4/2021 18:23
11,-87.95538,252,G 13,41.9306,2/4/2021 18:23
14,-88.03683,278,G 14,41.9322,2/4/2021 18:23
0,-88.04153,288,G 14,41.9327,2/4/2021 18:23
0,-88.04153,288,G 14,41.9327,2/4/2021 18:23
11,-87.95758,222,G 13,41.92953,2/4/2021 18:24
12,-87.96113,214,G 13,41.92592,2/4/2021 18:24
1,-88.04158,280,G 14,41.93272,2/4/2021 18:24
8,-87.96208,216,G 13,41.92497,2/4/2021 18:25
11,-88.0431,278,G 14,41.93295,2/4/2021 18:25
12,-88.04888,282,G 14,41.93378,2/4/2021 18:25
1,-87.96395,106,G 13,41.923,2/4/2021 18:26
9,-87.96275,36,G 13,41.92417,2/4/2021 18:26
1,-87.96123,290,G 13,41.9258,2/4/2021 18:26
10,-88.0514,284,G 14,41.93422,2/4/2021 18:26
10,-88.05417,0,G 14,41.93595,2/4/2021 18:26
9,-87.96202,214,G 13,41.92508,2/4/2021 18:27
0,-87.964,228,G 13,41.92322,2/4/2021 18:27
10,-88.05413,358,G 14,41.93848,2/4/2021 18:27
3,-88.05403,48,G 14,41.94037,2/4/2021 18:27
13,-87.96658,300,G 13,41.92427,2/4/2021 18:28
15,-87.96963,298,G 13,41.92563,2/4/2021 18:28
2,-88.05078,42,G 14,41.94055,2/4/2021 18:28
12,-88.05095,350,G 14,41.94315,2/4/2021 18:28
13,-87.9758,300,G 13,41.92832,2/4/2021 18:29
0,-87.97812,286,G 13,41.9291,2/4/2021 18:29
15,-88.05108,356,G 14,41.94692,2/4/2021 18:29
12,-88.05125,358,G 14,41.95055,2/4/2021 18:29
1,-87.97855,194,G 13,41.92892,2/4/2021 18:30
11,-87.979,154,G 13,41.92628,2/4/2021 18:30
11,-88.05133,358,G 14,41.95335,2/4/2021 18:30
0,-88.05125,16,G 14,41.95423,2/4/2021 18:30
13,-87.97747,150,G 13,41.92423,2/4/2021 18:31
12,-87.97467,154,G 13,41.92015,2/4/2021 18:31
12,-87.97467,154,G 13,41.92015,2/4/2021 18:31
12,-87.97467,154,G 13,41.92015,2/4/2021 18:31
8,-88.05042,24,G 14,41.95545,2/4/2021 18:31
11,-88.04988,358,G 14,41.95722,2/4/2021 18:31
11,-88.05118,340,G 14,41.96102,2/4/2021 18:32
12,-87.9702,162,G 13,41.90905,2/4/2021 18:33
10,-87.96937,162,G 13,41.90698,2/4/2021 18:33
11,-88.05157,358,G 14,41.96725,2/4/2021 18:33
11,-88.05157,358,G 14,41.96725,2/4/2021 18:33
11,-88.05152,0,G 14,41.9694,2/4/2021 18:33
1,-87.96893,124,G 13,41.90567,2/4/2021 18:34
9,-88.05145,0,G 14,41.97343,2/4/2021 18:34
10,-88.05145,0,G 14,41.9753,2/4/2021 18:34
7,-87.9691,344,G 13,41.90633,2/4/2021 18:35
12,-87.96988,342,G 13,41.90823,2/4/2021 18:35
1,-88.05143,0,G 14,41.97663,2/4/2021 18:35
8,-88.05138,0,G 14,41.97887,2/4/2021 18:35
13,-87.97153,344,G 13,41.91307,2/4/2021 18:36
13,-87.97237,344,G 13,41.91545,2/4/2021 18:36
8,-88.05135,358,G 14,41.98072,2/4/2021 18:36
12,-88.05125,0,G 14,41.98467,2/4/2021 18:36
13,-87.97458,336,G 13,41.92,2/4/2021 18:37
13,-87.97597,332,G 13,41.92215,2/4/2021 18:37
10,-88.05115,2,G 14,41.98677,2/4/2021 18:37
9,-88.04877,52,G 14,41.98908,2/4/2021 18:37
11,-87.97893,332,G 13,41.92622,2/4/2021 18:38
8,-87.97915,14,G 13,41.92778,2/4/2021 18:38
0,-87.97838,26,G 13,41.92897,2/4/2021 18:38
0,-87.97838,26,G 13,41.92897,2/4/2021 18:38
0,-87.97838,26,G 13,41.92897,2/4/2021 18:38
0,-87.97838,26,G 13,41.92897,2/4/2021 18:38
8,-88.04733,42,G 14,41.9901,2/4/2021 18:38
0,-88.04638,16,G 14,41.99132,2/4/2021 18:38
3,-88.04605,4,G 14,41.99218,2/4/2021 18:39
3,-88.0463,172,G 14,41.99223,2/4/2021 18:39
5,-87.97855,292,G 13,41.9293,2/4/2021 18:40
7,-88.04757,212,G 14,41.99012,2/4/2021 18:40
8,-88.0501,230,G 14,41.9884,2/4/2021 18:40
12,-87.98175,288,G 13,41.93008,2/4/2021 18:41
11,-87.98663,288,G 13,41.9314,2/4/2021 18:41
12,-88.05133,182,G 14,41.98668,2/4/2021 18:41
0,-87.9883,292,G 13,41.93187,2/4/2021 18:42
4,-87.98868,336,G 13,41.93202,2/4/2021 18:42
10,-88.0514,180,G 14,41.98237,2/4/2021 18:42
9,-88.05142,178,G 14,41.9802,2/4/2021 18:42
10,-87.98865,358,G 13,41.9336,2/4/2021 18:43
14,-87.98868,0,G 13,41.93815,2/4/2021 18:43
6,-88.05148,180,G 14,41.97798,2/4/2021 18:43
2,-88.05153,180,G 14,41.97735,2/4/2021 18:43
9,-88.05153,180,G 14,41.97497,2/4/2021 18:43
13,-87.98865,358,G 13,41.94063,2/4/2021 18:44
13,-87.98867,0,G 13,41.94535,2/4/2021 18:44
10,-88.05157,180,G 14,41.97227,2/4/2021 18:44
10,-88.05158,180,G 14,41.96973,2/4/2021 18:44
13,-87.98868,358,G 13,41.9477,2/4/2021 18:45
12,-87.98893,354,G 13,41.95255,2/4/2021 18:45
11,-88.05167,182,G 14,41.96632,2/4/2021 18:45
11,-88.0517,180,G 14,41.96418,2/4/2021 18:45
12,-87.98918,354,G 13,41.95493,2/4/2021 18:46
12,-87.98968,354,G 13,41.9594,2/4/2021 18:46
11,-88.0508,158,G 14,41.96002,2/4/2021 18:46
9,-88.05002,178,G 14,41.95673,2/4/2021 18:46
12,-87.98993,354,G 13,41.96158,2/4/2021 18:47
0,-87.99027,14,G 13,41.96515,2/4/2021 18:47
0,-87.99027,14,G 13,41.96515,2/4/2021 18:47
1,-88.05093,210,G 14,41.9549,2/4/2021 18:47
8,-88.0514,172,G 14,41.95358,2/4/2021 18:47
1,-87.99042,144,G 13,41.9652,2/4/2021 18:48
12,-88.0512,176,G 14,41.9494,2/4/2021 18:48
12,-88.05117,176,G 14,41.94715,2/4/2021 18:48
9,-87.99023,174,G 13,41.96435,2/4/2021 18:49
14,-87.98972,172,G 13,41.95973,2/4/2021 18:49
11,-88.0509,174,G 14,41.94282,2/4/2021 18:49
4,-88.05087,230,G 14,41.94053,2/4/2021 18:49
13,-87.98947,172,G 13,41.95722,2/4/2021 18:50
13,-87.98887,174,G 13,41.95208,2/4/2021 18:50
10,-88.05293,268,G 14,41.94048,2/4/2021 18:50
10,-88.05418,180,G 14,41.93785,2/4/2021 18:50
12,-87.98863,178,G 13,41.94973,2/4/2021 18:51
14,-87.98867,178,G 13,41.9446,2/4/2021 18:51
9,-88.05422,180,G 14,41.93588,2/4/2021 18:51
0,-88.05425,186,G 14,41.935,2/4/2021 18:51
14,-87.98872,180,G 13,41.94197,2/4/2021 18:52
12,-87.98872,178,G 13,41.9371,2/4/2021 18:52
4,-88.05438,244,G 14,41.93482,2/4/2021 18:52
12,-88.05673,276,G 14,41.93508,2/4/2021 18:52
11,-87.98872,178,G 13,41.93485,2/4/2021 18:53
0,-87.98875,174,G 13,41.93223,2/4/2021 18:53
8,-88.06267,270,G 14,41.93513,2/4/2021 18:53
4,-88.06398,284,G 14,41.93523,2/4/2021 18:53
3,-87.98908,282,G 13,41.93213,2/4/2021 18:54
1,-87.98945,18,G 13,41.93237,2/4/2021 18:54
12,-88.06863,280,G 14,41.93578,2/4/2021 18:54
11,-88.07153,278,G 14,41.9361,2/4/2021 18:54
1,-87.98898,48,G 13,41.93322,2/4/2021 18:55
4,-87.98872,178,G 13,41.93302,2/4/2021 18:55
12,-88.07693,278,G 14,41.93677,2/4/2021 18:55
11,-88.07968,284,G 14,41.9371,2/4/2021 18:55
0,-87.9887,178,G 13,41.93228,2/4/2021 18:56
12,-88.08522,278,G 14,41.9377,2/4/2021 18:56
10,-88.08828,276,G 14,41.93797,2/4/2021 18:56
4,-87.98857,136,G 13,41.93088,2/4/2021 18:57
0,-87.98813,190,G 13,41.93032,2/4/2021 18:57
0,-87.98813,190,G 13,41.93032,2/4/2021 18:57
0,-87.98813,190,G 13,41.93032,2/4/2021 18:57
0,-87.98813,190,G 13,41.93032,2/4/2021 18:57
0,-87.98813,190,G 13,41.93032,2/4/2021 18:57
0,-87.98813,190,G 13,41.93032,2/4/2021 18:57
0,-87.98813,190,G 13,41.93032,2/4/2021 18:57
0,-87.98813,190,G 13,41.93032,2/4/2021 18:57
0,-87.98813,190,G 13,41.93032,2/4/2021 18:57
0,-87.98813,190,G 13,41.93032,2/4/2021 18:57
0,-87.98813,190,G 13,41.93032,2/4/2021 18:57
0,-87.98813,190,G 13,41.93032,2/4/2021 18:57
0,-87.98813,190,G 13,41.93032,2/4/2021 18:57
0,-87.98813,190,G 13,41.93032,2/4/2021 18:57
0,-87.98813,190,G 13,41.93032,2/4/2021 18:57
0,-87.98813,190,G 13,41.93032,2/4/2021 18:57
0,-87.98813,190,G 13,41.93032,2/4/2021 18:57
0,-87.98813,190,G 13,41.93032,2/4/2021 18:57
0,-87.98813,190,G 13,41.93032,2/4/2021 18:57
12,-88.09395,278,G 14,41.93845,2/4/2021 18:57
10,-88.09662,276,G 14,41.93865,2/4/2021 18:57
5,-88.1011,208,G 14,41.93895,2/4/2021 18:58
13,-88.10108,178,G 14,41.93657,2/4/2021 18:58
6,-88.1009,124,G 14,41.9348,2/4/2021 18:59
10,-88.09767,358,G 14,41.93518,2/4/2021 18:59
8,-88.09703,96,G 14,41.9386,2/4/2021 19:00
10,-88.09412,94,G 14,41.93835,2/4/2021 19:00
13,-88.08837,96,G 14,41.93782,2/4/2021 19:01
11,-88.08547,96,G 14,41.9376,2/4/2021 19:01
11,-88.08547,96,G 14,41.9376,2/4/2021 19:01
11,-88.08547,96,G 14,41.9376,2/4/2021 19:01
11,-88.08547,96,G 14,41.9376,2/4/2021 19:01
11,-88.08547,96,G 14,41.9376,2/4/2021 19:01
11,-88.08547,96,G 14,41.9376,2/4/2021 19:01
11,-88.08547,96,G 14,41.9376,2/4/2021 19:01
11,-88.08547,96,G 14,41.9376,2/4/2021 19:01
11,-88.08547,96,G 14,41.9376,2/4/2021 19:01
11,-88.08547,96,G 14,41.9376,2/4/2021 19:01
11,-88.08547,96,G 14,41.9376,2/4/2021 19:01
11,-88.08547,96,G 14,41.9376,2/4/2021 19:01
11,-88.08547,96,G 14,41.9376,2/4/2021 19:01
11,-88.08547,96,G 14,41.9376,2/4/2021 19:01
1,-87.98833,312,G 13,41.93022,2/4/2021 19:06
0,-87.9882,8,G 13,41.93058,2/4/2021 19:07
3,-87.98858,348,G 13,41.93092,2/4/2021 19:07
10,-87.98637,108,G 13,41.93123,2/4/2021 19:08
11,-87.98373,110,G 13,41.93055,2/4/2021 19:08
8,-88.06297,180,G 14,41.90542,2/4/2021 19:08
5,-87.97862,104,G 13,41.92923,2/4/2021 19:09
4,-87.97822,60,G 13,41.92922,2/4/2021 19:09
1,-88.06308,182,G 14,41.90397,2/4/2021 19:09
11,-88.06335,182,G 14,41.90258,2/4/2021 19:09
11,-87.97642,352,G 13,41.93268,2/4/2021 19:10
12,-88.06358,180,G 14,41.89837,2/4/2021 19:10
12,-88.06355,178,G 14,41.89613,2/4/2021 19:10
11,-87.97778,356,G 13,41.9368,2/4/2021 19:11
0,-87.97805,350,G 13,41.93888,2/4/2021 19:11
1,-87.97807,352,G 13,41.93897,2/4/2021 19:11
11,-88.06353,180,G 14,41.89177,2/4/2021 19:11
0,-88.06373,178,G 14,41.89032,2/4/2021 19:11
11,-87.97838,18,G 13,41.94338,2/4/2021 19:12
11,-87.97838,18,G 13,41.94338,2/4/2021 19:12
7,-88.06353,100,G 14,41.8899,2/4/2021 19:12
12,-88.05762,84,G 14,41.8901,2/4/2021 19:12
12,-87.97707,8,G 13,41.94728,2/4/2021 19:13
10,-87.97658,8,G 13,41.94935,2/4/2021 19:13
13,-88.05458,86,G 14,41.8902,2/4/2021 19:13
13,-88.0488,108,G 14,41.88978,2/4/2021 19:13
8,-87.9781,336,G 13,41.95303,2/4/2021 19:14
10,-87.97882,348,G 13,41.95485,2/4/2021 19:14
13,-88.04453,98,G 14,41.88882,2/4/2021 19:14
11,-88.03958,84,G 14,41.88913,2/4/2021 19:14
12,-87.9788,358,G 13,41.96023,2/4/2021 19:15
12,-87.9788,358,G 13,41.96023,2/4/2021 19:15
6,-88.03747,106,G 14,41.88895,2/4/2021 19:15
0,-88.0345,110,G 14,41.88807,2/4/2021 19:15
10,-87.97882,0,G 13,41.96223,2/4/2021 19:16
1,-88.03448,110,G 14,41.88807,2/4/2021 19:16
10,-88.0364,290,G 14,41.88873,2/4/2021 19:16
1,-87.97878,10,G 13,41.9637,2/4/2021 19:17
1,-87.97878,10,G 13,41.9637,2/4/2021 19:17
7,-88.0381,278,G 14,41.88912,2/4/2021 19:17
12,-88.04307,266,G 14,41.88885,2/4/2021 19:17
11,-87.9788,358,G 13,41.9683,2/4/2021 19:18
11,-87.9788,358,G 13,41.9683,2/4/2021 19:18
13,-87.97917,348,G 13,41.97268,2/4/2021 19:18
11,-88.0459,284,G 14,41.8891,2/4/2021 19:18
3,-88.049,22,G 14,41.89003,2/4/2021 19:18
12,-87.9796,356,G 13,41.97515,2/4/2021 19:19
11,-88.04598,10,G 14,41.89333,2/4/2021 19:19
13,-88.04537,10,G 14,41.89552,2/4/2021 19:19
8,-87.97988,356,G 13,41.98122,2/4/2021 19:20
8,-87.97988,356,G 13,41.98122,2/4/2021 19:20
10,-88.04417,14,G 14,41.89978,2/4/2021 19:20
11,-88.04355,12,G 14,41.90188,2/4/2021 19:20
9,-87.97993,358,G 13,41.98537,2/4/2021 19:21
9,-87.97993,358,G 13,41.98537,2/4/2021 19:21
0,-88.04303,6,G 14,41.90372,2/4/2021 19:21
0,-88.04303,6,G 14,41.90372,2/4/2021 19:21
0,-88.04303,6,G 14,41.90372,2/4/2021 19:21
10,-87.97962,2,G 13,41.99175,2/4/2021 19:22
10,-87.97962,2,G 13,41.99175,2/4/2021 19:22
6,-88.0427,10,G 14,41.90482,2/4/2021 19:22
12,-87.97967,180,G 13,41.99017,2/4/2021 19:23
7,-88.04233,10,G 14,41.90607,2/4/2021 19:23
11,-88.04227,358,G 14,41.90977,2/4/2021 19:23
8,-87.97997,188,G 13,41.98573,2/4/2021 19:24
8,-87.97997,188,G 13,41.98573,2/4/2021 19:24
11,-88.0423,358,G 14,41.91168,2/4/2021 19:24
11,-88.04228,0,G 14,41.91573,2/4/2021 19:24
1,-87.98007,190,G 13,41.98427,2/4/2021 19:25
1,-87.98007,190,G 13,41.98427,2/4/2021 19:25
8,-87.98007,174,G 13,41.98262,2/4/2021 19:25
12,-88.04232,358,G 14,41.9179,2/4/2021 19:25
13,-87.97975,178,G 13,41.9783,2/4/2021 19:26
13,-87.97975,178,G 13,41.9783,2/4/2021 19:26
13,-87.97963,176,G 13,41.9759,2/4/2021 19:26
5,-88.04198,88,G 14,41.92023,2/4/2021 19:26
5,-88.04018,14,G 14,41.9201,2/4/2021 19:26
0,-88.03988,162,G 14,41.92098,2/4/2021 19:26
0,-88.03988,162,G 14,41.92098,2/4/2021 19:26
0,-88.03988,162,G 14,41.92098,2/4/2021 19:26
0,-88.03988,162,G 14,41.92098,2/4/2021 19:26
0,-88.03988,162,G 14,41.92098,2/4/2021 19:26
0,-88.03988,162,G 14,41.92098,2/4/2021 19:26
0,-88.03988,162,G 14,41.92098,2/4/2021 19:26
0,-88.03988,162,G 14,41.92098,2/4/2021 19:26
12,-87.97888,172,G 13,41.97132,2/4/2021 19:27
8,-87.97887,180,G 13,41.96477,2/4/2021 19:28
8,-87.97887,180,G 13,41.96477,2/4/2021 19:28
0,-87.97883,176,G 13,41.96368,2/4/2021 19:29
1,-87.97888,184,G 13,41.96358,2/4/2021 19:29
1,-87.97888,184,G 13,41.96358,2/4/2021 19:29
10,-87.9789,182,G 13,41.96225,2/4/2021 19:30
11,-87.97888,180,G 13,41.95818,2/4/2021 19:30
0,-88.04015,180,G 14,41.92057,2/4/2021 19:30
1,-87.97875,38,G 13,41.95678,2/4/2021 19:31
2,-87.97878,10,G 13,41.95707,2/4/2021 19:31
0,-88.04018,166,G 14,41.92052,2/4/2021 19:31
0,-88.04018,166,G 14,41.92052,2/4/2021 19:31
11,-87.97877,0,G 13,41.96065,2/4/2021 19:32
0,-87.97877,0,G 13,41.9632,2/4/2021 19:32
0,-87.97877,0,G 13,41.9632,2/4/2021 19:32
5,-88.0405,280,G 14,41.91993,2/4/2021 19:32
3,-88.04205,290,G 14,41.92033,2/4/2021 19:32
1,-87.9788,0,G 13,41.96323,2/4/2021 19:33
10,-88.04245,180,G 14,41.91892,2/4/2021 19:33
10,-88.04245,178,G 14,41.91707,2/4/2021 19:33
10,-87.97873,358,G 13,41.96487,2/4/2021 19:34
11,-87.97873,0,G 13,41.96683,2/4/2021 19:34
11,-88.04243,180,G 14,41.9131,2/4/2021 19:34
10,-88.04242,178,G 14,41.91102,2/4/2021 19:34
11,-87.97878,356,G 13,41.97103,2/4/2021 19:35
13,-87.9793,348,G 13,41.9733,2/4/2021 19:35
10,-88.04237,178,G 14,41.90705,2/4/2021 19:35
6,-88.04257,192,G 14,41.90558,2/4/2021 19:35
13,-87.97963,358,G 13,41.97793,2/4/2021 19:36
12,-87.97972,358,G 13,41.98033,2/4/2021 19:36
0,-88.04292,196,G 14,41.90438,2/4/2021 19:36
0,-88.04292,196,G 14,41.90438,2/4/2021 19:36
10,-87.97993,0,G 13,41.98437,2/4/2021 19:37
13,-87.97985,2,G 13,41.98658,2/4/2021 19:37
1,-88.04292,192,G 14,41.90437,2/4/2021 19:37
10,-88.04378,190,G 14,41.90107,2/4/2021 19:37
10,-87.97962,0,G 13,41.99125,2/4/2021 19:38
6,-87.97947,4,G 13,41.99288,2/4/2021 19:38
12,-88.04438,190,G 14,41.89893,2/4/2021 19:38
13,-88.04577,190,G 14,41.89415,2/4/2021 19:38
0,-87.97983,172,G 13,41.9938,2/4/2021 19:39
0,-87.97983,172,G 13,41.9938,2/4/2021 19:39
14,-88.04738,224,G 14,41.89123,2/4/2021 19:39
0,-88.04903,222,G 14,41.89005,2/4/2021 19:39
1,-87.97985,180,G 13,41.99378,2/4/2021 19:40
12,-88.05217,270,G 14,41.89032,2/4/2021 19:40
0,-87.97953,188,G 13,41.99312,2/4/2021 19:41
0,-87.97952,192,G 13,41.99305,2/4/2021 19:41
11,-87.97967,182,G 13,41.99165,2/4/2021 19:41
10,-88.05678,266,G 14,41.89015,2/4/2021 19:41
12,-88.06122,266,G 14,41.89002,2/4/2021 19:41
9,-88.06352,270,G 14,41.88993,2/4/2021 19:41
12,-87.97975,180,G 13,41.9894,2/4/2021 19:42
10,-87.9801,182,G 13,41.98477,2/4/2021 19:42
10,-88.06832,292,G 14,41.89118,2/4/2021 19:42
10,-88.07087,288,G 14,41.89188,2/4/2021 19:42
0,-87.98012,182,G 13,41.98425,2/4/2021 19:43
10,-87.98012,178,G 13,41.98287,2/4/2021 19:43
11,-88.07615,288,G 14,41.89335,2/4/2021 19:43
11,-88.07865,284,G 14,41.89388,2/4/2021 19:43
2,-87.97983,84,G 13,41.98102,2/4/2021 19:44
1,-87.97987,358,G 13,41.98137,2/4/2021 19:44
11,-88.08318,282,G 14,41.89478,2/4/2021 19:44
11,-88.08592,282,G 14,41.89527,2/4/2021 19:44
7,-87.97988,354,G 13,41.98268,2/4/2021 19:45
1,-87.97993,250,G 13,41.98603,2/4/2021 19:45
10,-88.09137,280,G 14,41.89608,2/4/2021 19:45
10,-88.09378,280,G 14,41.8964,2/4/2021 19:45
6,-87.98003,184,G 13,41.98545,2/4/2021 19:46
5,-87.98018,180,G 13,41.98413,2/4/2021 19:46
6,-88.09855,278,G 14,41.89707,2/4/2021 19:46
7,-88.1001,280,G 14,41.89732,2/4/2021 19:46
13,-87.9798,176,G 13,41.97817,2/4/2021 19:47
13,-87.9798,176,G 13,41.97817,2/4/2021 19:47
0,-88.10165,282,G 14,41.89748,2/4/2021 19:47
1,-88.10167,276,G 14,41.8975,2/4/2021 19:47
13,-87.97953,170,G 13,41.97367,2/4/2021 19:48
1,-87.97897,158,G 13,41.97148,2/4/2021 19:48
11,-88.10385,274,G 14,41.89765,2/4/2021 19:48
11,-88.10972,278,G 14,41.89805,2/4/2021 19:48
11,-87.97885,180,G 13,41.96927,2/4/2021 19:49
11,-87.97888,180,G 13,41.96563,2/4/2021 19:49
13,-88.11265,278,G 14,41.89837,2/4/2021 19:49
10,-88.11857,266,G 14,41.8981,2/4/2021 19:49
1,-87.97892,178,G 13,41.96373,2/4/2021 19:50
10,-87.9789,178,G 13,41.96237,2/4/2021 19:50
0,-88.12038,276,G 14,41.89822,2/4/2021 19:50
1,-88.12038,276,G 14,41.89822,2/4/2021 19:50
10,-87.97887,178,G 13,41.96042,2/4/2021 19:51
0,-87.9789,184,G 13,41.95682,2/4/2021 19:51
8,-88.12043,98,G 14,41.89818,2/4/2021 19:51
12,-88.1158,80,G 14,41.89852,2/4/2021 19:51
1,-87.97873,324,G 13,41.95688,2/4/2021 19:52
13,-88.11197,98,G 14,41.89823,2/4/2021 19:52
13,-88.10867,98,G 14,41.89785,2/4/2021 19:52
10,-87.97882,0,G 13,41.96183,2/4/2021 19:53
10,-87.97882,0,G 13,41.96183,2/4/2021 19:53
5,-87.9788,0,G 13,41.96342,2/4/2021 19:53
0,-88.1023,94,G 14,41.89752,2/4/2021 19:53
11,-88.10008,98,G 14,41.89723,2/4/2021 19:53
1,-87.97893,158,G 13,41.96517,2/4/2021 19:54
5,-87.97893,188,G 13,41.96488,2/4/2021 19:54
14,-88.0971,98,G 14,41.89682,2/4/2021 19:54
14,-88.09053,98,G 14,41.8959,2/4/2021 19:54
3,-87.97907,222,G 13,41.96362,2/4/2021 19:55
14,-88.08718,100,G 14,41.89537,2/4/2021 19:55
1,-88.08248,102,G 14,41.89458,2/4/2021 19:55
1,-87.97962,100,G 13,41.96343,2/4/2021 19:56
1,-87.97962,100,G 13,41.96343,2/4/2021 19:56
9,-87.97893,180,G 13,41.96235,2/4/2021 19:56
12,-88.08215,358,G 14,41.8966,2/4/2021 19:56
14,-88.08215,0,G 14,41.89915,2/4/2021 19:56
11,-87.9789,178,G 13,41.96015,2/4/2021 19:57
11,-87.97887,178,G 13,41.95808,2/4/2021 19:57
0,-88.08212,358,G 14,41.90217,2/4/2021 19:57
0,-88.08212,358,G 14,41.90217,2/4/2021 19:57
11,-87.97872,162,G 13,41.95433,2/4/2021 19:58
0,-87.97785,152,G 13,41.95252,2/4/2021 19:58
1,-88.08212,4,G 14,41.9022,2/4/2021 19:58
13,-88.08138,0,G 14,41.90555,2/4/2021 19:58
9,-87.97702,158,G 13,41.95113,2/4/2021 19:59
13,-88.08138,0,G 14,41.90798,2/4/2021 19:59
14,-88.08135,0,G 14,41.91317,2/4/2021 19:59
11,-87.9777,194,G 13,41.94495,2/4/2021 20:00
11,-87.9777,194,G 13,41.94495,2/4/2021 20:00
13,-87.97863,196,G 13,41.94282,2/4/2021 20:00
12,-88.08133,358,G 14,41.91555,2/4/2021 20:00
2,-88.08133,0,G 14,41.9168,2/4/2021 20:00
12,-87.978,172,G 13,41.93848,2/4/2021 20:01
12,-87.97777,174,G 13,41.93627,2/4/2021 20:01
13,-88.08132,358,G 14,41.92032,2/4/2021 20:01
13,-88.08128,358,G 14,41.9227,2/4/2021 20:01
0,-88.0799,176,G 14,41.9307,2/4/2021 20:03
0,-88.0799,176,G 14,41.9307,2/4/2021 20:03
0,-88.0799,176,G 14,41.9307,2/4/2021 20:03
0,-88.0799,176,G 14,41.9307,2/4/2021 20:03
0,-88.0799,176,G 14,41.9307,2/4/2021 20:03
0,-88.0799,176,G 14,41.9307,2/4/2021 20:03
0,-88.0799,176,G 14,41.9307,2/4/2021 20:03
0,-88.0799,176,G 14,41.9307,2/4/2021 20:03
0,-88.0799,176,G 14,41.9307,2/4/2021 20:03
0,-88.0799,176,G 14,41.9307,2/4/2021 20:03
10,-87.97515,154,G 13,41.92092,2/4/2021 20:04
12,-87.97233,164,G 13,41.91528,2/4/2021 20:05
12,-87.97233,164,G 13,41.91528,2/4/2021 20:05
12,-87.97153,166,G 13,41.913,2/4/2021 20:06
11,-87.97013,162,G 13,41.90883,2/4/2021 20:06
0,-87.96902,160,G 13,41.90607,2/4/2021 20:07
0,-87.96902,160,G 13,41.90607,2/4/2021 20:07
1,-87.969,162,G 13,41.90602,2/4/2021 20:08
2,-87.9688,348,G 13,41.9057,2/4/2021 20:08
12,-87.97017,342,G 13,41.9089,2/4/2021 20:09
13,-87.971,346,G 13,41.91118,2/4/2021 20:09
0,-88.0799,176,G 14,41.93065,2/4/2021 20:09
0,-88.0799,176,G 14,41.93065,2/4/2021 20:09
0,-88.0799,176,G 14,41.93065,2/4/2021 20:09
0,-88.0799,176,G 14,41.93065,2/4/2021 20:09
0,-88.0799,176,G 14,41.93065,2/4/2021 20:09
0,-88.0799,176,G 14,41.93065,2/4/2021 20:09
0,-88.0799,176,G 14,41.93065,2/4/2021 20:09
0,-88.0799,176,G 14,41.93065,2/4/2021 20:09
0,-88.0799,176,G 14,41.93065,2/4/2021 20:09
0,-88.0799,176,G 14,41.93065,2/4/2021 20:09
0,-88.0799,176,G 14,41.93065,2/4/2021 20:09
0,-88.0799,176,G 14,41.93065,2/4/2021 20:09
0,-88.0799,176,G 14,41.93065,2/4/2021 20:09
0,-88.0799,176,G 14,41.93065,2/4/2021 20:09
0,-88.0799,176,G 14,41.93065,2/4/2021 20:09
0,-88.0799,176,G 14,41.93065,2/4/2021 20:09
0,-88.0799,176,G 14,41.93065,2/4/2021 20:09
0,-88.0799,176,G 14,41.93065,2/4/2021 20:09
0,-88.0799,176,G 14,41.93065,2/4/2021 20:09
0,-88.0799,176,G 14,41.93065,2/4/2021 20:09
0,-88.0799,176,G 14,41.93065,2/4/2021 20:09
0,-88.0799,176,G 14,41.93065,2/4/2021 20:09
0,-88.0799,176,G 14,41.93065,2/4/2021 20:09
0,-88.0799,176,G 14,41.93065,2/4/2021 20:09
0,-88.0799,176,G 14,41.93065,2/4/2021 20:09
0,-88.0799,176,G 14,41.93065,2/4/2021 20:09
0,-88.0799,176,G 14,41.93065,2/4/2021 20:09
0,-88.0799,176,G 14,41.93065,2/4/2021 20:09
0,-88.0799,176,G 14,41.93065,2/4/2021 20:09
0,-88.0799,176,G 14,41.93065,2/4/2021 20:09
0,-88.0799,176,G 14,41.93065,2/4/2021 20:09
0,-88.0799,176,G 14,41.93065,2/4/2021 20:09
0,-88.0799,176,G 14,41.93065,2/4/2021 20:09
0,-88.0799,176,G 14,41.93065,2/4/2021 20:09
0,-88.0799,176,G 14,41.93065,2/4/2021 20:09
0,-88.0799,176,G 14,41.93065,2/4/2021 20:09
0,-88.0799,176,G 14,41.93065,2/4/2021 20:09
0,-88.0799,176,G 14,41.93065,2/4/2021 20:09
0,-88.0799,176,G 14,41.93065,2/4/2021 20:09
0,-88.0799,176,G 14,41.93065,2/4/2021 20:09
0,-88.0799,176,G 14,41.93065,2/4/2021 20:09
0,-88.0799,176,G 14,41.93065,2/4/2021 20:09
0,-88.0799,176,G 14,41.93065,2/4/2021 20:09
0,-88.0799,176,G 14,41.93065,2/4/2021 20:09
0,-88.0799,176,G 14,41.93065,2/4/2021 20:09
0,-88.0799,176,G 14,41.93065,2/4/2021 20:09
0,-88.0799,176,G 14,41.93065,2/4/2021 20:09
0,-88.0799,176,G 14,41.93065,2/4/2021 20:09
0,-88.0799,176,G 14,41.93065,2/4/2021 20:09
12,-87.97248,344,G 13,41.91568,2/4/2021 20:10
13,-87.9733,336,G 13,41.91782,2/4/2021 20:10
12,-87.97593,332,G 13,41.92212,2/4/2021 20:11
12,-87.97733,330,G 13,41.92405,2/4/2021 20:11
9,-87.97917,14,G 13,41.92772,2/4/2021 20:12
6,-87.97842,26,G 13,41.92898,2/4/2021 20:12
2,-87.97645,324,G 13,41.93193,2/4/2021 20:13
8,-87.97688,204,G 13,41.93128,2/4/2021 20:13
9,-87.978,206,G 13,41.92962,2/4/2021 20:14
1,-87.97892,30,G 13,41.92802,2/4/2021 20:15
0,-87.97835,26,G 13,41.92893,2/4/2021 20:15
0,-87.97835,26,G 13,41.92893,2/4/2021 20:15
0,-87.97835,26,G 13,41.92893,2/4/2021 20:15
0,-87.97835,26,G 13,41.92893,2/4/2021 20:15
0,-87.97835,26,G 13,41.92893,2/4/2021 20:15
0,-87.97835,26,G 13,41.92893,2/4/2021 20:15
0,-87.97835,26,G 13,41.92893,2/4/2021 20:15
0,-87.97835,26,G 13,41.92893,2/4/2021 20:15
1,-87.9791,18,G 13,41.9277,2/4/2021 20:19
5,-87.9785,28,G 13,41.92863,2/4/2021 20:19
6,-87.9772,26,G 13,41.93057,2/4/2021 20:20
1,-87.97653,280,G 13,41.93193,2/4/2021 20:20
8,-87.97722,214,G 13,41.93093,2/4/2021 20:21
3,-87.97842,254,G 13,41.92928,2/4/2021 20:21
9,-87.98017,290,G 13,41.92968,2/4/2021 20:22
4,-87.98143,110,G 13,41.92988,2/4/2021 20:22
8,-87.97965,108,G 13,41.92942,2/4/2021 20:23
3,-87.97862,198,G 13,41.92885,2/4/2021 20:23
10,-87.97902,152,G 13,41.92622,2/4/2021 20:24
10,-87.97782,148,G 13,41.92453,2/4/2021 20:24
10,-87.97533,154,G 13,41.92103,2/4/2021 20:25
5,-87.9755,268,G 13,41.92017,2/4/2021 20:25
5,-87.97792,268,G 13,41.92012,2/4/2021 20:26
1,-87.9796,314,G 13,41.92015,2/4/2021 20:26
0,-87.98008,172,G 13,41.9205,2/4/2021 20:27
0,-87.98008,172,G 13,41.9205,2/4/2021 20:27
0,-87.98008,172,G 13,41.9205,2/4/2021 20:27
0,-87.98008,172,G 13,41.9205,2/4/2021 20:27
0,-87.98008,172,G 13,41.9205,2/4/2021 20:27
0,-87.98008,172,G 13,41.9205,2/4/2021 20:27
0,-87.98008,172,G 13,41.9205,2/4/2021 20:27
0,-87.98008,172,G 13,41.9205,2/4/2021 20:27
0,-87.98008,172,G 13,41.9205,2/4/2021 20:27
0,-87.98008,172,G 13,41.9205,2/4/2021 20:27
0,-87.98008,172,G 13,41.9205,2/4/2021 20:27
0,-87.98008,172,G 13,41.9205,2/4/2021 20:27
0,-87.98008,172,G 13,41.9205,2/4/2021 20:27
0,-87.98008,172,G 13,41.9205,2/4/2021 20:27
0,-87.98008,172,G 13,41.9205,2/4/2021 20:27
0,-87.98008,170,G 13,41.9202,2/4/2021 20:35
11,-88.08033,204,G 14,41.92913,2/4/2021 20:35
11,-88.08137,188,G 14,41.92733,2/4/2021 20:35
4,-87.98038,274,G 13,41.92008,2/4/2021 20:36
10,-87.98447,268,G 13,41.92005,2/4/2021 20:36
13,-88.08138,180,G 14,41.9227,2/4/2021 20:36
13,-88.08138,178,G 14,41.92023,2/4/2021 20:36
9,-87.98693,270,G 13,41.92003,2/4/2021 20:37
10,-87.99003,268,G 13,41.91992,2/4/2021 20:37
12,-88.0814,180,G 14,41.91568,2/4/2021 20:37
14,-88.08143,178,G 14,41.9114,2/4/2021 20:37
11,-87.99283,268,G 13,41.91987,2/4/2021 20:38
11,-87.9985,268,G 13,41.91977,2/4/2021 20:38
15,-88.08142,178,G 14,41.90793,2/4/2021 20:38
13,-88.08145,178,G 14,41.90538,2/4/2021 20:38
12,-88.00145,268,G 13,41.91968,2/4/2021 20:39
5,-88.00655,266,G 13,41.91958,2/4/2021 20:39
0,-88.0819,184,G 14,41.90327,2/4/2021 20:39
1,-88.08193,176,G 14,41.90323,2/4/2021 20:39
1,-88.00687,264,G 13,41.91953,2/4/2021 20:40
12,-88.01158,268,G 13,41.91945,2/4/2021 20:40
11,-88.08223,180,G 14,41.90178,2/4/2021 20:40
13,-88.08218,180,G 14,41.89813,2/4/2021 20:40
11,-88.01445,268,G 13,41.91938,2/4/2021 20:41
12,-88.0206,266,G 13,41.91923,2/4/2021 20:41
13,-88.08223,180,G 14,41.89517,2/4/2021 20:41
12,-88.08222,178,G 14,41.891,2/4/2021 20:41
11,-88.02362,268,G 13,41.91917,2/4/2021 20:42
11,-88.02362,268,G 13,41.91917,2/4/2021 20:42
11,-88.02362,268,G 13,41.91917,2/4/2021 20:42
11,-88.02362,268,G 13,41.91917,2/4/2021 20:42
11,-88.02362,268,G 13,41.91917,2/4/2021 20:42
0,-88.08227,182,G 14,41.88902,2/4/2021 20:42
0,-88.08227,182,G 14,41.88902,2/4/2021 20:42
12,-88.08453,264,G 14,41.88877,2/4/2021 20:43
13,-88.0876,264,G 14,41.88858,2/4/2021 20:43
13,-88.09418,268,G 14,41.88833,2/4/2021 20:44
14,-88.09775,268,G 14,41.88825,2/4/2021 20:44
12,-88.04238,180,G 13,41.91837,2/4/2021 20:45
12,-88.04238,180,G 13,41.91837,2/4/2021 20:45
14,-88.0424,180,G 13,41.91365,2/4/2021 20:45
9,-88.1041,268,G 14,41.88815,2/4/2021 20:45
13,-88.04242,178,G 13,41.9111,2/4/2021 20:46
12,-88.04235,180,G 13,41.90653,2/4/2021 20:46
9,-88.10823,270,G 14,41.8881,2/4/2021 20:46
8,-88.11133,268,G 14,41.88805,2/4/2021 20:46
8,-88.11347,272,G 14,41.88802,2/4/2021 20:46
0,-88.04295,198,G 13,41.90423,2/4/2021 20:47
0,-88.04295,198,G 13,41.90423,2/4/2021 20:47
0,-88.11615,266,G 14,41.88793,2/4/2021 20:47
3,-88.11618,298,G 14,41.88793,2/4/2021 20:47
2,-88.04295,190,G 13,41.90422,2/4/2021 20:48
3,-88.12047,266,G 14,41.88787,2/4/2021 20:48
13,-88.04485,190,G 13,41.89738,2/4/2021 20:49
13,-88.04485,190,G 13,41.89738,2/4/2021 20:49
11,-88.04608,190,G 13,41.89295,2/4/2021 20:49
7,-88.12327,266,G 14,41.88782,2/4/2021 20:49
7,-88.12327,266,G 14,41.88782,2/4/2021 20:49
8,-88.12535,266,G 14,41.88773,2/4/2021 20:49
12,-88.04755,224,G 13,41.89112,2/4/2021 20:50
4,-88.04935,272,G 13,41.88998,2/4/2021 20:50
8,-88.12937,266,G 14,41.88768,2/4/2021 20:50
8,-88.13162,268,G 14,41.88765,2/4/2021 20:50
13,-88.05475,266,G 13,41.89022,2/4/2021 20:51
10,-88.1355,272,G 14,41.88775,2/4/2021 20:51
15,-88.13892,270,G 14,41.88778,2/4/2021 20:51
11,-88.06412,270,G 13,41.88992,2/4/2021 20:52
11,-88.06412,270,G 13,41.88992,2/4/2021 20:52
14,-88.06715,262,G 13,41.88978,2/4/2021 20:52
14,-88.14632,272,G 14,41.88792,2/4/2021 20:52
14,-88.14632,272,G 14,41.88792,2/4/2021 20:52
14,-88.14632,272,G 14,41.88792,2/4/2021 20:52
14,-88.14632,272,G 14,41.88792,2/4/2021 20:52
14,-88.14632,272,G 14,41.88792,2/4/2021 20:52
14,-88.14632,272,G 14,41.88792,2/4/2021 20:52
14,-88.14632,272,G 14,41.88792,2/4/2021 20:52
14,-88.14632,272,G 14,41.88792,2/4/2021 20:52
14,-88.14632,272,G 14,41.88792,2/4/2021 20:52
14,-88.14632,272,G 14,41.88792,2/4/2021 20:52
14,-88.14632,272,G 14,41.88792,2/4/2021 20:52
13,-88.07412,264,G 13,41.88933,2/4/2021 20:53
12,-88.07727,264,G 13,41.88917,2/4/2021 20:53
13,-88.08253,264,G 13,41.88892,2/4/2021 20:54
13,-88.08602,266,G 13,41.8887,2/4/2021 20:54
14,-88.09253,266,G 13,41.88838,2/4/2021 20:55
14,-88.096,266,G 13,41.88832,2/4/2021 20:55
13,-88.10283,268,G 13,41.88815,2/4/2021 20:56
13,-88.1061,268,G 13,41.8881,2/4/2021 20:56
13,-88.11243,266,G 13,41.88802,2/4/2021 20:57
11,-88.11543,270,G 13,41.88797,2/4/2021 20:57
1,-88.14468,94,G 14,41.86547,2/4/2021 20:57
5,-88.12148,214,G 13,41.8877,2/4/2021 20:58
11,-88.12152,178,G 13,41.88612,2/4/2021 20:58
0,-88.14463,80,G 14,41.86547,2/4/2021 20:58
0,-88.14463,80,G 14,41.86547,2/4/2021 20:58
0,-88.14463,80,G 14,41.86547,2/4/2021 20:58
0,-88.14463,80,G 14,41.86547,2/4/2021 20:58
0,-88.14463,80,G 14,41.86547,2/4/2021 20:58
0,-88.14463,80,G 14,41.86547,2/4/2021 20:58
0,-88.14463,80,G 14,41.86547,2/4/2021 20:58
0,-88.14463,80,G 14,41.86547,2/4/2021 20:58
0,-88.14463,80,G 14,41.86547,2/4/2021 20:58
1,-88.12143,178,G 13,41.88263,2/4/2021 20:59
12,-88.12132,174,G 13,41.88092,2/4/2021 20:59
3,-88.12095,252,G 13,41.87905,2/4/2021 21:00
10,-88.12463,266,G 13,41.87878,2/4/2021 21:00
13,-88.13362,256,G 13,41.87737,2/4/2021 21:01
11,-88.13648,254,G 13,41.87682,2/4/2021 21:02
12,-88.14178,240,G 13,41.87572,2/4/2021 21:02
12,-88.14447,240,G 13,41.87462,2/4/2021 21:03
12,-88.1455,162,G 13,41.87213,2/4/2021 21:03
3,-88.145,262,G 14,41.86537,2/4/2021 21:03
2,-88.14638,256,G 14,41.86605,2/4/2021 21:03
15,-88.1445,166,G 13,41.8695,2/4/2021 21:04
4,-88.14347,242,G 13,41.86543,2/4/2021 21:04
0,-88.14672,216,G 14,41.86598,2/4/2021 21:04
0,-88.14672,216,G 14,41.86598,2/4/2021 21:04
0,-88.14672,216,G 14,41.86598,2/4/2021 21:04
0,-88.14672,216,G 14,41.86598,2/4/2021 21:04
5,-88.14483,266,G 13,41.86537,2/4/2021 21:05
0,-88.14637,278,G 13,41.86603,2/4/2021 21:05
0,-88.14637,278,G 13,41.86603,2/4/2021 21:05
0,-88.14648,242,G 13,41.86605,2/4/2021 21:06
0,-88.14648,242,G 13,41.86605,2/4/2021 21:06
0,-88.14648,242,G 13,41.86605,2/4/2021 21:06
0,-88.14648,242,G 13,41.86605,2/4/2021 21:06
0,-88.14648,242,G 13,41.86605,2/4/2021 21:06
0,-88.14648,242,G 13,41.86605,2/4/2021 21:06
0,-88.14648,242,G 13,41.86605,2/4/2021 21:06
0,-88.14648,242,G 13,41.86605,2/4/2021 21:06
0,-88.14648,242,G 13,41.86605,2/4/2021 21:06
0,-88.14648,242,G 13,41.86605,2/4/2021 21:06
0,-88.14672,176,G 14,41.86587,2/4/2021 21:06
0,-88.14672,176,G 14,41.86587,2/4/2021 21:06
0,-88.14672,176,G 14,41.86587,2/4/2021 21:06
0,-88.14672,176,G 14,41.86587,2/4/2021 21:06
0,-88.14672,176,G 14,41.86587,2/4/2021 21:06
0,-88.14677,188,G 14,41.86562,2/4/2021 21:08
0,-88.14677,188,G 14,41.86562,2/4/2021 21:08
0,-88.14677,188,G 14,41.86562,2/4/2021 21:08
0,-88.14677,188,G 14,41.86562,2/4/2021 21:08
2,-88.14667,122,G 14,41.86548,2/4/2021 21:10
0,-88.14672,172,G 13,41.86582,2/4/2021 21:11
0,-88.14672,172,G 13,41.86582,2/4/2021 21:11
0,-88.14672,172,G 13,41.86582,2/4/2021 21:11
0,-88.14672,172,G 13,41.86582,2/4/2021 21:11
0,-88.14672,172,G 13,41.86582,2/4/2021 21:11
3,-88.14613,186,G 14,41.86503,2/4/2021 21:11
0,-88.14615,192,G 14,41.8646,2/4/2021 21:11
0,-88.14615,192,G 14,41.8646,2/4/2021 21:11
0,-88.14615,192,G 14,41.8646,2/4/2021 21:11
0,-88.14673,158,G 13,41.86568,2/4/2021 21:14
0,-88.14673,158,G 13,41.86568,2/4/2021 21:14
0,-88.14673,158,G 13,41.86568,2/4/2021 21:14
0,-88.14673,158,G 13,41.86568,2/4/2021 21:14
0,-88.14673,158,G 13,41.86568,2/4/2021 21:14
3,-88.14642,82,G 13,41.8655,2/4/2021 21:16
0,-88.14538,102,G 13,41.86543,2/4/2021 21:17
0,-88.14538,102,G 13,41.86543,2/4/2021 21:17
0,-88.14538,102,G 13,41.86543,2/4/2021 21:17
0,-88.14538,102,G 13,41.86543,2/4/2021 21:17
0,-88.14538,102,G 13,41.86543,2/4/2021 21:17
0,-88.14538,102,G 13,41.86543,2/4/2021 21:17
0,-88.14538,102,G 13,41.86543,2/4/2021 21:17
0,-88.14548,192,G 14,41.86478,2/4/2021 21:20
0,-88.14548,192,G 14,41.86478,2/4/2021 21:20
0,-88.14548,192,G 14,41.86478,2/4/2021 21:20
0,-88.14548,192,G 14,41.86478,2/4/2021 21:20
0,-88.14548,192,G 14,41.86478,2/4/2021 21:20
0,-88.14548,192,G 14,41.86478,2/4/2021 21:20
0,-88.14548,192,G 14,41.86478,2/4/2021 21:20
0,-88.14548,192,G 14,41.86478,2/4/2021 21:20
0,-88.14548,192,G 14,41.86478,2/4/2021 21:20
0,-88.14548,192,G 14,41.86478,2/4/2021 21:20
0,-88.1453,88,G 13,41.86538,2/4/2021 21:21
0,-88.1453,88,G 13,41.86538,2/4/2021 21:21
0,-88.1453,88,G 13,41.86538,2/4/2021 21:21
0,-88.1453,88,G 13,41.86538,2/4/2021 21:21
0,-88.1453,88,G 13,41.86538,2/4/2021 21:21
0,-88.1453,88,G 13,41.86538,2/4/2021 21:21
0,-88.1453,88,G 13,41.86538,2/4/2021 21:21
0,-88.1453,88,G 13,41.86538,2/4/2021 21:21
0,-88.1453,88,G 13,41.86538,2/4/2021 21:21
0,-88.1453,88,G 13,41.86538,2/4/2021 21:21
0,-88.1453,88,G 13,41.86538,2/4/2021 21:21
0,-88.1453,88,G 13,41.86538,2/4/2021 21:21
0,-88.1453,88,G 13,41.86538,2/4/2021 21:21
0,-88.1453,88,G 13,41.86538,2/4/2021 21:21
0,-88.1453,88,G 13,41.86538,2/4/2021 21:21
1,-88.14525,92,G 13,41.86533,2/4/2021 21:29
0,-88.14505,64,G 13,41.86535,2/4/2021 21:29
0,-88.14505,64,G 13,41.86535,2/4/2021 21:29
0,-88.14505,64,G 13,41.86535,2/4/2021 21:29
0,-88.14505,64,G 13,41.86535,2/4/2021 21:29
0,-88.14505,64,G 13,41.86535,2/4/2021 21:29
0,-88.14505,64,G 13,41.86535,2/4/2021 21:29
0,-88.14505,64,G 13,41.86535,2/4/2021 21:29
0,-88.14505,64,G 13,41.86535,2/4/2021 21:29
0,-88.14505,64,G 13,41.86535,2/4/2021 21:29
0,-88.14505,64,G 13,41.86535,2/4/2021 21:29
0,-88.14505,64,G 13,41.86535,2/4/2021 21:29
0,-88.14505,64,G 13,41.86535,2/4/2021 21:29
0,-88.14462,76,G 13,41.86543,2/4/2021 21:35
0,-88.14462,76,G 13,41.86543,2/4/2021 21:35
0,-88.14462,76,G 13,41.86543,2/4/2021 21:35
0,-88.14462,76,G 13,41.86543,2/4/2021 21:35
0,-88.14462,76,G 13,41.86543,2/4/2021 21:35
0,-88.14462,76,G 13,41.86543,2/4/2021 21:35
0,-88.14462,76,G 13,41.86543,2/4/2021 21:35
0,-88.14462,76,G 13,41.86543,2/4/2021 21:35
0,-88.14462,76,G 13,41.86543,2/4/2021 21:35
0,-88.14462,76,G 13,41.86543,2/4/2021 21:35
0,-88.14462,76,G 13,41.86543,2/4/2021 21:35
0,-88.14462,76,G 13,41.86543,2/4/2021 21:35
0,-88.14462,76,G 13,41.86543,2/4/2021 21:35
0,-88.14462,76,G 13,41.86543,2/4/2021 21:35
0,-88.14462,76,G 13,41.86543,2/4/2021 21:35
0,-88.14462,76,G 13,41.86543,2/4/2021 21:35
0,-88.14462,76,G 13,41.86543,2/4/2021 21:35
2,-88.14483,232,G 13,41.86533,2/4/2021 21:44
2,-88.14603,208,G 13,41.8652,2/4/2021 21:44
0,-88.14598,182,G 13,41.86445,2/4/2021 21:45
0,-88.14598,182,G 13,41.86445,2/4/2021 21:45
0,-88.14598,182,G 13,41.86445,2/4/2021 21:45
0,-88.14598,182,G 13,41.86445,2/4/2021 21:45
0,-88.14598,182,G 13,41.86445,2/4/2021 21:45
0,-88.14598,182,G 13,41.86445,2/4/2021 21:45
0,-88.14598,182,G 13,41.86445,2/4/2021 21:45
0,-88.14598,182,G 13,41.86445,2/4/2021 21:45
0,-88.14598,182,G 13,41.86445,2/4/2021 21:45
1,-88.146,212,G 13,41.86442,2/4/2021 21:49
2,-88.14667,340,G 13,41.8644,2/4/2021 21:50
3,-88.1464,92,G 13,41.86517,2/4/2021 21:51
0,-88.14602,108,G 13,41.86503,2/4/2021 21:51
0,-88.14602,108,G 13,41.86503,2/4/2021 21:51
0,-88.14565,226,G 13,41.86517,2/4/2021 21:53
14,-88.1222,0,G 13,41.99023,2/4/2021 22:34
19,-88.11993,46,G 13,41.99443,2/4/2021 22:35
20,-88.0926,86,G 13,41.9976,2/4/2021 22:37
20,-88.0926,86,G 13,41.9976,2/4/2021 22:37
22,-88.08487,120,G 13,41.99603,2/4/2021 22:37
23,-88.07477,108,G 13,41.99217,2/4/2021 22:38
22,-88.06933,86,G 13,41.99162,2/4/2021 22:38
20,-88.05832,84,G 13,41.99207,2/4/2021 22:39
21,-88.05497,86,G 13,41.99218,2/4/2021 22:39
20,-88.04518,106,G 13,41.9917,2/4/2021 22:40
21,-88.03803,114,G 13,41.98918,2/4/2021 22:40
22,-88.03312,108,G 13,41.98778,2/4/2021 22:41
20,-88.02253,108,G 13,41.98503,2/4/2021 22:41
20,-88.01462,90,G 13,41.9837,2/4/2021 22:42
19,-88.0099,88,G 13,41.98375,2/4/2021 22:42
14,-88.00128,112,G 13,41.98303,2/4/2021 22:43
2,-87.99837,34,G 13,41.98263,2/4/2021 22:43
3,-87.99852,356,G 13,41.9838,2/4/2021 22:44
8,-87.99962,326,G 13,41.98608,2/4/2021 22:44
7,-88.00128,316,G 13,41.98745,2/4/2021 22:45
8,-88.00248,318,G 13,41.98847,2/4/2021 22:45
5,-88.00313,0,G 13,41.99058,2/4/2021 22:46
0,-88.00312,358,G 13,41.99223,2/4/2021 22:46
2,-88.0032,182,G 13,41.9926,2/4/2021 22:47
1,-88.00317,114,G 13,41.99125,2/4/2021 22:48
7,-88.003,0,G 13,41.99225,2/4/2021 22:48
3,-88.00323,182,G 13,41.99255,2/4/2021 22:48
3,-88.00322,184,G 13,41.99013,2/4/2021 22:49
8,-88.00292,152,G 13,41.9888,2/4/2021 22:49
7,-88.00048,138,G 13,41.98668,2/4/2021 22:50
9,-87.9992,154,G 13,41.98527,2/4/2021 22:50
2,-87.99835,160,G 13,41.98262,2/4/2021 22:51
8,-87.99827,170,G 13,41.98157,2/4/2021 22:51
5,-87.99807,2,G 13,41.98105,2/4/2021 22:52
8,-87.99828,350,G 13,41.98302,2/4/2021 22:52
12,-87.99883,340,G 13,41.98492,2/4/2021 22:53
2,-88.00075,122,G 13,41.98685,2/4/2021 22:53
11,-87.99952,150,G 13,41.98568,2/4/2021 22:54
5,-87.99917,262,G 13,41.98388,2/4/2021 22:54
7,-88.00308,280,G 13,41.98447,2/4/2021 22:55
8,-88.00418,188,G 13,41.98367,2/4/2021 22:55
11,-88.00177,106,G 13,41.9831,2/4/2021 22:56
8,-87.9993,88,G 13,41.98248,2/4/2021 22:56
10,-87.99817,178,G 13,41.98103,2/4/2021 22:57
11,-87.9982,180,G 13,41.97887,2/4/2021 22:57
14,-87.99823,180,G 13,41.97397,2/4/2021 22:58
11,-87.9982,178,G 13,41.9715,2/4/2021 22:58
1,-87.99822,188,G 13,41.96972,2/4/2021 22:59
5,-87.99838,178,G 13,41.96702,2/4/2021 22:59
13,-87.99592,100,G 13,41.96607,2/4/2021 23:00
8,-87.99112,100,G 13,41.96535,2/4/2021 23:01
5,-87.99035,172,G 13,41.96507,2/4/2021 23:01
10,-87.98998,174,G 13,41.96145,2/4/2021 23:01
12,-87.98977,174,G 13,41.95945,2/4/2021 23:02
12,-87.98927,174,G 13,41.95503,2/4/2021 23:02
12,-87.98902,176,G 13,41.9528,2/4/2021 23:03
12,-87.9887,178,G 13,41.94838,2/4/2021 23:03
14,-87.98875,178,G 13,41.94588,2/4/2021 23:04
13,-87.98873,180,G 13,41.94093,2/4/2021 23:04
12,-87.98878,178,G 13,41.9386,2/4/2021 23:05
9,-87.98872,176,G 13,41.93433,2/4/2021 23:05
2,-87.98883,230,G 13,41.93208,2/4/2021 23:06
1,-87.9888,82,G 13,41.9319,2/4/2021 23:06
11,-87.98867,358,G 13,41.93358,2/4/2021 23:07
13,-87.98868,358,G 13,41.93587,2/4/2021 23:07
13,-87.98867,0,G 13,41.94067,2/4/2021 23:08
13,-87.9886,0,G 13,41.94318,2/4/2021 23:08
13,-87.98865,358,G 13,41.94813,2/4/2021 23:09
13,-87.98873,356,G 13,41.95057,2/4/2021 23:09
13,-87.98927,356,G 13,41.95557,2/4/2021 23:10
13,-87.98952,354,G 13,41.95788,2/4/2021 23:10
11,-87.99,354,G 13,41.96228,2/4/2021 23:11
1,-87.99035,352,G 13,41.96508,2/4/2021 23:12
12,-87.99282,280,G 13,41.96573,2/4/2021 23:12
12,-87.99592,282,G 13,41.96618,2/4/2021 23:12
4,-87.99833,342,G 13,41.96668,2/4/2021 23:13
1,-87.99813,2,G 13,41.9695,2/4/2021 23:13
7,-87.9981,358,G 13,41.96995,2/4/2021 23:14
13,-87.99812,358,G 13,41.97445,2/4/2021 23:14
14,-87.9981,358,G 13,41.97697,2/4/2021 23:15
11,-87.99805,0,G 13,41.98168,2/4/2021 23:15
1,-87.9981,354,G 13,41.98237,2/4/2021 23:16
5,-87.99867,180,G 13,41.98363,2/4/2021 23:16
7,-87.99765,82,G 13,41.98265,2/4/2021 23:17
18,-87.99178,86,G 13,41.98312,2/4/2021 23:17
15,-87.98792,88,G 13,41.98325,2/4/2021 23:18
11,-87.98195,94,G 13,41.98293,2/4/2021 23:18
5,-87.98012,172,G 13,41.98273,2/4/2021 23:19
2,-87.97993,106,G 13,41.98103,2/4/2021 23:20
8,-87.97997,354,G 13,41.9823,2/4/2021 23:20
6,-87.98,0,G 13,41.98388,2/4/2021 23:20
2,-87.97995,242,G 13,41.98598,2/4/2021 23:21
8,-87.98008,182,G 13,41.98467,2/4/2021 23:21
6,-87.98012,180,G 13,41.98323,2/4/2021 23:22
2,-87.97995,124,G 13,41.98103,2/4/2021 23:23
4,-87.97988,352,G 13,41.98272,2/4/2021 23:23
9,-87.9799,358,G 13,41.98382,2/4/2021 23:23
12,-87.97978,0,G 13,41.98835,2/4/2021 23:24
12,-87.97965,2,G 13,41.99063,2/4/2021 23:24
2,-87.97955,214,G 13,41.99295,2/4/2021 23:25
9,-87.97975,182,G 13,41.9917,2/4/2021 23:25
12,-87.97987,182,G 13,41.98747,2/4/2021 23:26
9,-87.98002,182,G 13,41.98552,2/4/2021 23:26
8,-87.98017,176,G 13,41.98287,2/4/2021 23:27
12,-87.97992,178,G 13,41.9808,2/4/2021 23:27
13,-87.97977,178,G 13,41.97608,2/4/2021 23:28
13,-87.97923,168,G 13,41.97255,2/4/2021 23:28
12,-87.97883,180,G 13,41.96897,2/4/2021 23:29
13,-87.9788,180,G 13,41.9665,2/4/2021 23:29
1,-87.97888,180,G 13,41.96373,2/4/2021 23:30
4,-87.97887,180,G 13,41.96245,2/4/2021 23:31
6,-87.97883,0,G 13,41.96273,2/4/2021 23:31
1,-87.97878,0,G 13,41.96365,2/4/2021 23:31
1,-87.97878,8,G 13,41.96522,2/4/2021 23:32
6,-87.979,182,G 13,41.9642,2/4/2021 23:33
3,-87.97908,236,G 13,41.96357,2/4/2021 23:33
4,-87.9791,108,G 13,41.96337,2/4/2021 23:34
10,-87.97885,180,G 13,41.96138,2/4/2021 23:34
12,-87.97882,178,G 13,41.95945,2/4/2021 23:34
12,-87.97883,174,G 13,41.95505,2/4/2021 23:35
1,-87.97797,150,G 13,41.95267,2/4/2021 23:35
12,-87.97718,156,G 13,41.95142,2/4/2021 23:36
14,-87.97727,188,G 13,41.94655,2/4/2021 23:36
13,-87.97798,196,G 13,41.94427,2/4/2021 23:37
14,-87.97815,170,G 13,41.93945,2/4/2021 23:37
13,-87.9778,174,G 13,41.93703,2/4/2021 23:38
10,-87.97657,168,G 13,41.93282,2/4/2021 23:38
12,-87.9776,206,G 13,41.93017,2/4/2021 23:39
1,-87.97812,210,G 13,41.92937,2/4/2021 23:39
1,-87.97908,164,G 13,41.92798,2/4/2021 23:40
1,-87.97892,0,G 13,41.92803,2/4/2021 23:40
11,-87.97737,26,G 13,41.9304,2/4/2021 23:41
3,-87.97663,192,G 13,41.93188,2/4/2021 23:41
7,-87.97812,206,G 13,41.92952,2/4/2021 23:42
12,-87.9805,288,G 13,41.92973,2/4/2021 23:42
3,-87.9817,106,G 13,41.92992,2/4/2021 23:43
6,-87.97862,200,G 13,41.92875,2/4/2021 23:43
10,-87.97928,180,G 13,41.9272,2/4/2021 23:44
12,-87.97672,150,G 13,41.9231,2/4/2021 23:44
10,-87.97537,154,G 13,41.92118,2/4/2021 23:45
11,-87.973,162,G 13,41.91708,2/4/2021 23:45
13,-87.97223,164,G 13,41.9149,2/4/2021 23:46
13,-87.97063,164,G 13,41.9101,2/4/2021 23:46
12,-87.96967,162,G 13,41.90785,2/4/2021 23:47
2,-87.96878,334,G 13,41.90565,2/4/2021 23:47
12,-87.96942,344,G 13,41.90722,2/4/2021 23:48
13,-87.97105,346,G 13,41.91172,2/4/2021 23:48
13,-87.97182,344,G 13,41.91413,2/4/2021 23:49
11,-87.974,338,G 13,41.91918,2/4/2021 23:50
12,-87.97495,334,G 13,41.92072,2/4/2021 23:50
14,-87.97817,330,G 13,41.92527,2/4/2021 23:50
10,-87.97872,28,G 13,41.92837,2/4/2021 23:51
8,-87.97763,116,G 13,41.92892,2/4/2021 23:51
15,-87.97182,118,G 13,41.9264,2/4/2021 23:52
15,-87.96855,118,G 13,41.92503,2/4/2021 23:52
1,-87.96442,126,G 13,41.92315,2/4/2021 23:53
9,-87.96305,36,G 13,41.92385,2/4/2021 23:53
10,-87.96095,34,G 13,41.92597,2/4/2021 23:54
9,-87.95947,34,G 13,41.92748,2/4/2021 23:54
8,-87.95758,38,G 13,41.92935,2/4/2021 23:55
8,-87.95393,86,G 13,41.93068,2/4/2021 23:56
10,-87.95152,84,G 13,41.93078,2/4/2021 23:56
13,-87.94863,86,G 13,41.93093,2/4/2021 23:56
12,-87.94205,86,G 13,41.93127,2/4/2021 23:57
8,-87.93997,86,G 13,41.93137,2/4/2021 23:57
13,-87.935,86,G 13,41.9316,2/4/2021 23:58
14,-87.93145,92,G 13,41.93158,2/4/2021 23:58
14,-87.9243,92,G 13,41.93137,2/4/2021 23:59
2,-87.92025,266,G 13,41.93135,2/5/2021 0:00
12,-87.92202,272,G 13,41.93137,2/5/2021 0:00
13,-87.92853,272,G 13,41.93153,2/5/2021 0:01
13,-87.93188,272,G 13,41.93167,2/5/2021 0:01
8,-87.93783,264,G 13,41.93153,2/5/2021 0:02
6,-87.93945,266,G 13,41.93143,2/5/2021 0:02
12,-87.94437,264,G 13,41.93125,2/5/2021 0:03
13,-87.94745,266,G 13,41.93108,2/5/2021 0:03
8,-87.95257,264,G 13,41.93082,2/5/2021 0:04
8,-87.95442,260,G 13,41.93072,2/5/2021 0:04
7,-87.95813,216,G 13,41.92897,2/5/2021 0:05
8,-87.95933,216,G 13,41.9278,2/5/2021 0:05
9,-87.96212,214,G 13,41.9249,2/5/2021 0:06
6,-87.96327,212,G 13,41.92375,2/5/2021 0:06
2,-87.96402,66,G 13,41.92292,2/5/2021 0:06
9,-87.9629,36,G 13,41.924,2/5/2021 0:07
13,-87.95938,36,G 13,41.92757,2/5/2021 0:07
12,-87.9566,50,G 13,41.92997,2/5/2021 0:08
3,-87.95355,290,G 13,41.93077,2/5/2021 0:08
10,-87.95607,246,G 13,41.93032,2/5/2021 0:09
12,-87.95965,216,G 13,41.92742,2/5/2021 0:09
10,-87.96243,220,G 13,41.92468,2/5/2021 0:10
7,-87.96453,302,G 13,41.9233,2/5/2021 0:11
12,-87.96695,300,G 13,41.92445,2/5/2021 0:11
15,-87.97257,300,G 13,41.92697,2/5/2021 0:12
14,-87.97578,298,G 13,41.92837,2/5/2021 0:12
4,-87.97795,352,G 13,41.92932,2/5/2021 0:12
9,-87.97655,344,G 13,41.93315,2/5/2021 0:13
11,-87.97767,354,G 13,41.9359,2/5/2021 0:13
13,-87.97813,350,G 13,41.93917,2/5/2021 0:14
13,-87.97862,352,G 13,41.94143,2/5/2021 0:14
11,-87.97737,10,G 13,41.94592,2/5/2021 0:15
13,-87.97685,8,G 13,41.94827,2/5/2021 0:15
12,-87.97777,334,G 13,41.95257,2/5/2021 0:16
12,-87.9787,344,G 13,41.9546,2/5/2021 0:16
11,-87.97878,358,G 13,41.95872,2/5/2021 0:17
11,-87.9788,358,G 13,41.96087,2/5/2021 0:17
0,-87.97875,10,G 13,41.96352,2/5/2021 0:18
11,-87.97878,358,G 13,41.9648,2/5/2021 0:19
11,-87.97873,0,G 13,41.96683,2/5/2021 0:19
12,-87.97878,356,G 13,41.9711,2/5/2021 0:20
14,-87.97932,350,G 13,41.97348,2/5/2021 0:20
13,-87.97977,358,G 13,41.97858,2/5/2021 0:21
12,-87.97983,358,G 13,41.98093,2/5/2021 0:21
6,-87.98008,308,G 13,41.98413,2/5/2021 0:21
11,-87.98375,266,G 13,41.98412,2/5/2021 0:22
6,-87.98687,178,G 13,41.98372,2/5/2021 0:22
5,-87.98652,94,G 13,41.98288,2/5/2021 0:23
11,-87.98135,92,G 13,41.9829,2/5/2021 0:23
10,-87.97937,88,G 13,41.98293,2/5/2021 0:24
12,-87.97322,92,G 13,41.98297,2/5/2021 0:24
10,-87.96917,90,G 13,41.98295,2/5/2021 0:25
12,-87.96455,92,G 13,41.98277,2/5/2021 0:25
14,-87.9622,98,G 13,41.98258,2/5/2021 0:26
8,-87.95742,100,G 13,41.98197,2/5/2021 0:26
8,-87.9553,106,G 13,41.9816,2/5/2021 0:27
2,-87.95263,4,G 13,41.9812,2/5/2021 0:28
4,-87.95267,322,G 13,41.98205,2/5/2021 0:28
2,-87.95415,288,G 13,41.98245,2/5/2021 0:28
9,-87.95817,284,G 13,41.98338,2/5/2021 0:29
2,-87.95883,282,G 13,41.98352,2/5/2021 0:29
9,-87.96343,272,G 13,41.98382,2/5/2021 0:30
13,-87.96613,270,G 13,41.98388,2/5/2021 0:30
5,-87.97048,184,G 13,41.98373,2/5/2021 0:31
4,-87.9702,88,G 13,41.98295,2/5/2021 0:31
15,-87.96455,92,G 13,41.98277,2/5/2021 0:32
0,-87.96042,102,G 13,41.98228,2/5/2021 0:32
8,-87.95888,98,G 13,41.98212,2/5/2021 0:33
9,-87.95643,102,G 13,41.98178,2/5/2021 0:33
8,-87.95318,102,G 13,41.98123,2/5/2021 0:34
12,-87.95053,104,G 13,41.9807,2/5/2021 0:34
5,-87.94662,108,G 13,41.97987,2/5/2021 0:35
10,-87.94483,122,G 13,41.97925,2/5/2021 0:35
8,-87.94087,128,G 13,41.97618,2/5/2021 0:36
0,-87.9401,104,G 13,41.97595,2/5/2021 0:36
4,-87.93978,50,G 13,41.97602,2/5/2021 0:37
11,-87.93963,0,G 13,41.97808,2/5/2021 0:37
13,-87.93968,358,G 13,41.98048,2/5/2021 0:38
14,-87.93973,0,G 13,41.98557,2/5/2021 0:38
14,-87.93978,0,G 13,41.98802,2/5/2021 0:39
10,-87.93988,358,G 13,41.99273,2/5/2021 0:39
2,-87.94002,162,G 13,41.99352,2/5/2021 0:40
11,-87.93988,178,G 13,41.99195,2/5/2021 0:40
13,-87.93982,178,G 13,41.9869,2/5/2021 0:41
14,-87.93977,178,G 13,41.98435,2/5/2021 0:41
13,-87.93972,178,G 13,41.97927,2/5/2021 0:42
12,-87.9397,180,G 13,41.97695,2/5/2021 0:42
1,-87.9397,178,G 13,41.97343,2/5/2021 0:43
11,-87.93967,178,G 13,41.9724,2/5/2021 0:43
13,-87.93962,178,G 13,41.96757,2/5/2021 0:44
9,-87.93958,180,G 13,41.9653,2/5/2021 0:44
6,-87.93952,180,G 13,41.96162,2/5/2021 0:45
3,-87.93945,356,G 13,41.96082,2/5/2021 0:45
10,-87.9394,356,G 13,41.96242,2/5/2021 0:46
2,-87.93957,278,G 13,41.96423,2/5/2021 0:46
10,-87.93965,180,G 13,41.96253,2/5/2021 0:47
2,-87.93953,74,G 13,41.96083,2/5/2021 0:47
12,-87.93942,358,G 13,41.96285,2/5/2021 0:48
11,-87.93952,4,G 13,41.9647,2/5/2021 0:48
13,-87.93958,358,G 13,41.96922,2/5/2021 0:49
13,-87.9396,358,G 13,41.97167,2/5/2021 0:49
10,-87.93963,0,G 13,41.9743,2/5/2021 0:50
9,-87.9396,6,G 13,41.97622,2/5/2021 0:50
2,-87.93968,252,G 13,41.97945,2/5/2021 0:51
10,-87.93973,178,G 13,41.97797,2/5/2021 0:51
9,-87.93977,178,G 13,41.97595,2/5/2021 0:52
9,-87.9397,178,G 13,41.97275,2/5/2021 0:52
3,-87.93958,20,G 13,41.97202,2/5/2021 0:53
11,-87.93958,0,G 13,41.97398,2/5/2021 0:53
4,-87.93977,296,G 13,41.97603,2/5/2021 0:54
13,-87.94355,312,G 13,41.9786,2/5/2021 0:54
11,-87.94617,292,G 13,41.9798,2/5/2021 0:55
9,-87.95062,282,G 13,41.98072,2/5/2021 0:55
1,-87.95232,268,G 13,41.98105,2/5/2021 0:56
3,-87.95275,318,G 13,41.98208,2/5/2021 0:56
1,-87.95415,276,G 13,41.9824,2/5/2021 0:57
12,-87.95757,288,G 13,41.9833,2/5/2021 0:58
3,-87.95912,326,G 13,41.98367,2/5/2021 0:58
14,-87.9592,358,G 13,41.98557,2/5/2021 0:58
2,-87.9594,214,G 13,41.98855,2/5/2021 0:59
8,-87.9594,178,G 13,41.98438,2/5/2021 1:00
5,-87.9597,264,G 13,41.9837,2/5/2021 1:00
13,-87.96543,272,G 13,41.98385,2/5/2021 1:00
11,-87.96853,272,G 13,41.98392,2/5/2021 1:01
12,-87.97298,270,G 13,41.98403,2/5/2021 1:01
12,-87.9761,272,G 13,41.98412,2/5/2021 1:02
0,-87.9796,262,G 13,41.98415,2/5/2021 1:02
1,-87.97962,280,G 13,41.98413,2/5/2021 1:03
12,-87.98168,264,G 13,41.98408,2/5/2021 1:03
16,-87.98817,268,G 13,41.98357,2/5/2021 1:04
17,-87.99232,270,G 13,41.98347,2/5/2021 1:04
0,-87.99785,272,G 13,41.98373,2/5/2021 1:05
0,-87.99785,272,G 13,41.98373,2/5/2021 1:05
0,-87.99785,272,G 13,41.98373,2/5/2021 1:05
0,-87.99785,272,G 13,41.98373,2/5/2021 1:05
0,-87.99785,272,G 13,41.98373,2/5/2021 1:05
0,-87.99785,272,G 13,41.98373,2/5/2021 1:05
0,-87.99785,272,G 13,41.98373,2/5/2021 1:05
3,-87.99815,270,G 13,41.98375,2/5/2021 1:09
12,-87.99915,334,G 13,41.98542,2/5/2021 1:09
2,-88.0007,266,G 13,41.98702,2/5/2021 1:09
10,-87.99937,152,G 13,41.98558,2/5/2021 1:10
6,-87.99865,166,G 13,41.98397,2/5/2021 1:10
6,-87.99812,174,G 13,41.98122,2/5/2021 1:11
9,-87.99802,356,G 13,41.98158,2/5/2021 1:12
0,-87.9984,342,G 13,41.98352,2/5/2021 1:12
12,-87.99902,334,G 13,41.98517,2/5/2021 1:12
8,-88.00057,316,G 13,41.98688,2/5/2021 1:13
7,-88.00313,348,G 13,41.98945,2/5/2021 1:13
7,-88.00313,0,G 13,41.99042,2/5/2021 1:14
1,-88.00305,348,G 13,41.99233,2/5/2021 1:14
4,-88.00313,180,G 13,41.99148,2/5/2021 1:15
2,-88.003,4,G 13,41.99132,2/5/2021 1:15
3,-88.00317,194,G 13,41.99258,2/5/2021 1:16
9,-88.00323,180,G 13,41.9897,2/5/2021 1:16
9,-88.00107,136,G 13,41.9872,2/5/2021 1:17
10,-87.9997,144,G 13,41.98597,2/5/2021 1:17
5,-87.9992,268,G 13,41.98392,2/5/2021 1:18
11,-88.00167,282,G 13,41.98428,2/5/2021 1:18
4,-88.00408,118,G 13,41.98347,2/5/2021 1:19
10,-88.00195,106,G 13,41.98315,2/5/2021 1:19
3,-87.99843,136,G 13,41.98252,2/5/2021 1:20
13,-87.99815,178,G 13,41.9787,2/5/2021 1:20
15,-87.99815,178,G 13,41.97608,2/5/2021 1:21
11,-87.99818,180,G 13,41.97138,2/5/2021 1:21
2,-87.99818,182,G 13,41.96982,2/5/2021 1:22
9,-87.99835,180,G 13,41.96732,2/5/2021 1:22
15,-87.99557,100,G 13,41.96608,2/5/2021 1:23
5,-87.99068,108,G 13,41.96535,2/5/2021 1:24
11,-87.99017,174,G 13,41.96348,2/5/2021 1:24
12,-87.98995,174,G 13,41.96132,2/5/2021 1:24
13,-87.98943,174,G 13,41.95648,2/5/2021 1:25
12,-87.98915,174,G 13,41.95397,2/5/2021 1:25
12,-87.98872,178,G 13,41.94927,2/5/2021 1:26
14,-87.98872,180,G 13,41.94682,2/5/2021 1:26
15,-87.98875,180,G 13,41.94118,2/5/2021 1:27
13,-87.9888,178,G 13,41.93858,2/5/2021 1:27
10,-87.98873,178,G 13,41.93393,2/5/2021 1:28
1,-87.989,154,G 13,41.932,2/5/2021 1:29
1,-87.9887,36,G 13,41.93188,2/5/2021 1:29
15,-87.98865,358,G 13,41.94008,2/5/2021 1:30
15,-87.98865,358,G 13,41.94008,2/5/2021 1:30
14,-87.9886,358,G 13,41.94298,2/5/2021 1:30
14,-87.98863,358,G 13,41.94562,2/5/2021 1:31
13,-87.9887,356,G 13,41.95095,2/5/2021 1:31
13,-87.98897,354,G 13,41.95337,2/5/2021 1:32
13,-87.98957,354,G 13,41.95847,2/5/2021 1:32
13,-87.98985,356,G 13,41.96098,2/5/2021 1:33
3,-87.99025,356,G 13,41.965,2/5/2021 1:33
14,-87.99297,280,G 13,41.96573,2/5/2021 1:34
5,-87.99778,282,G 13,41.96652,2/5/2021 1:34
10,-87.99822,2,G 13,41.96872,2/5/2021 1:35
1,-87.99813,4,G 13,41.96958,2/5/2021 1:35
11,-87.99808,0,G 13,41.97055,2/5/2021 1:36
14,-87.99805,358,G 13,41.9754,2/5/2021 1:36
15,-87.99803,0,G 13,41.97815,2/5/2021 1:37
8,-87.99813,340,G 13,41.98267,2/5/2021 1:37
3,-87.99867,184,G 13,41.98375,2/5/2021 1:38
7,-87.99775,72,G 13,41.98265,2/5/2021 1:38
19,-87.99147,86,G 13,41.98312,2/5/2021 1:39
16,-87.98352,96,G 13,41.98312,2/5/2021 1:39
4,-87.97995,28,G 13,41.983,2/5/2021 1:40
8,-87.97988,358,G 13,41.98503,2/5/2021 1:40
1,-87.97998,160,G 13,41.9859,2/5/2021 1:41
3,-87.98007,184,G 13,41.98438,2/5/2021 1:41
7,-87.98005,178,G 13,41.98315,2/5/2021 1:42
7,-87.97995,172,G 13,41.98165,2/5/2021 1:42
8,-87.97985,358,G 13,41.98158,2/5/2021 1:43
9,-87.97992,358,G 13,41.98367,2/5/2021 1:43
10,-87.97988,0,G 13,41.98553,2/5/2021 1:44
12,-87.97967,2,G 13,41.99,2/5/2021 1:44
2,-87.97945,308,G 13,41.99295,2/5/2021 1:45
10,-87.97968,182,G 13,41.99143,2/5/2021 1:45
12,-87.97978,180,G 13,41.98927,2/5/2021 1:46
10,-87.98007,186,G 13,41.9851,2/5/2021 1:46
8,-87.98015,180,G 13,41.98405,2/5/2021 1:47
11,-87.97987,178,G 13,41.97998,2/5/2021 1:47
13,-87.97972,176,G 13,41.97667,2/5/2021 1:48
12,-87.97935,168,G 13,41.97307,2/5/2021 1:48
12,-87.97887,176,G 13,41.9709,2/5/2021 1:49
10,-87.97883,180,G 13,41.96628,2/5/2021 1:49
0,-87.97887,182,G 13,41.9643,2/5/2021 1:50
0,-87.97887,182,G 13,41.9643,2/5/2021 1:50
0,-87.97887,182,G 13,41.9643,2/5/2021 1:50
0,-87.97887,182,G 13,41.9643,2/5/2021 1:50
0,-87.97887,182,G 13,41.9643,2/5/2021 1:50
1,-87.97888,178,G 13,41.9639,2/5/2021 1:53
5,-87.97887,178,G 13,41.96265,2/5/2021 1:53
3,-87.97877,14,G 13,41.96225,2/5/2021 1:53
0,-87.97875,2,G 13,41.96362,2/5/2021 1:54
7,-87.97877,356,G 13,41.96463,2/5/2021 1:54
3,-87.97887,186,G 13,41.965,2/5/2021 1:55
1,-87.97898,184,G 13,41.9639,2/5/2021 1:55
2,-87.9798,152,G 13,41.9635,2/5/2021 1:56
4,-87.97893,152,G 13,41.96325,2/5/2021 1:56
11,-87.97887,180,G 13,41.96012,2/5/2021 1:57
11,-87.97883,178,G 13,41.95802,2/5/2021 1:57
12,-87.97832,160,G 13,41.95353,2/5/2021 1:58
13,-87.97722,156,G 13,41.95152,2/5/2021 1:58
11,-87.97728,188,G 13,41.94645,2/5/2021 1:59
12,-87.97792,198,G 13,41.94447,2/5/2021 1:59
14,-87.97818,170,G 13,41.93942,2/5/2021 2:00
15,-87.9778,174,G 13,41.93662,2/5/2021 2:00
11,-87.97658,188,G 13,41.93195,2/5/2021 2:01
3,-87.97807,206,G 13,41.92945,2/5/2021 2:01
7,-87.97873,206,G 13,41.92852,2/5/2021 2:02
1,-87.97892,4,G 13,41.928,2/5/2021 2:02
5,-87.97835,28,G 13,41.92897,2/5/2021 2:03
3,-87.97648,14,G 13,41.93173,2/5/2021 2:03
9,-87.97705,192,G 13,41.93093,2/5/2021 2:04
4,-87.97847,274,G 13,41.9292,2/5/2021 2:04
1,-87.98172,132,G 13,41.92998,2/5/2021 2:05
3,-87.97865,126,G 13,41.92915,2/5/2021 2:06
5,-87.97858,200,G 13,41.92882,2/5/2021 2:06
13,-87.97835,150,G 13,41.92533,2/5/2021 2:06
12,-87.9768,150,G 13,41.92323,2/5/2021 2:07
13,-87.97428,156,G 13,41.91947,2/5/2021 2:07
14,-87.97303,162,G 13,41.91712,2/5/2021 2:08
12,-87.97138,166,G 13,41.91238,2/5/2021 2:08
13,-87.97067,164,G 13,41.9101,2/5/2021 2:09
6,-87.96908,162,G 13,41.90612,2/5/2021 2:09
3,-87.96882,340,G 13,41.90573,2/5/2021 2:10
12,-87.97033,342,G 13,41.90948,2/5/2021 2:10
12,-87.97115,348,G 13,41.91188,2/5/2021 2:11
13,-87.9728,346,G 13,41.91677,2/5/2021 2:11
12,-87.97392,336,G 13,41.91902,2/5/2021 2:12
13,-87.97683,332,G 13,41.92337,2/5/2021 2:12
11,-87.9784,332,G 13,41.92552,2/5/2021 2:13
5,-87.97798,94,G 13,41.92903,2/5/2021 2:13
13,-87.97558,120,G 13,41.92808,2/5/2021 2:14
14,-87.96975,118,G 13,41.92552,2/5/2021 2:14
13,-87.96677,116,G 13,41.9242,2/5/2021 2:15
8,-87.96303,34,G 13,41.92388,2/5/2021 2:15
8,-87.96088,38,G 13,41.92602,2/5/2021 2:16
10,-87.95927,36,G 13,41.9276,2/5/2021 2:16
5,-87.95822,34,G 13,41.92877,2/5/2021 2:17
9,-87.95465,72,G 13,41.93062,2/5/2021 2:17
7,-87.95325,86,G 13,41.93072,2/5/2021 2:18
13,-87.94758,86,G 13,41.93097,2/5/2021 2:18
14,-87.9442,86,G 13,41.93112,2/5/2021 2:19
1,-87.93993,86,G 13,41.9313,2/5/2021 2:19
10,-87.93815,84,G 13,41.9314,2/5/2021 2:20
14,-87.93187,92,G 13,41.93157,2/5/2021 2:20
14,-87.92833,92,G 13,41.93148,2/5/2021 2:21
11,-87.92175,92,G 13,41.93133,2/5/2021 2:21
1,-87.92062,94,G 13,41.9313,2/5/2021 2:22
3,-87.92037,268,G 13,41.93137,2/5/2021 2:22
13,-87.92525,268,G 13,41.93147,2/5/2021 2:23
13,-87.92858,272,G 13,41.93157,2/5/2021 2:23
13,-87.93528,268,G 13,41.93167,2/5/2021 2:24
7,-87.9378,266,G 13,41.93155,2/5/2021 2:24
11,-87.9418,266,G 13,41.9314,2/5/2021 2:25
12,-87.94465,266,G 13,41.93123,2/5/2021 2:25
10,-87.95097,266,G 13,41.93095,2/5/2021 2:26
7,-87.9533,264,G 13,41.93083,2/5/2021 2:26
10,-87.95755,222,G 13,41.92955,2/5/2021 2:27
11,-87.95898,214,G 13,41.9281,2/5/2021 2:27
9,-87.96212,212,G 13,41.925,2/5/2021 2:28
5,-87.96375,216,G 13,41.9233,2/5/2021 2:29
2,-87.96392,42,G 13,41.923,2/5/2021 2:29
13,-87.96103,34,G 13,41.92592,2/5/2021 2:29
12,-87.95902,34,G 13,41.92793,2/5/2021 2:30
9,-87.95438,78,G 13,41.93065,2/5/2021 2:30
3,-87.95353,286,G 13,41.93077,2/5/2021 2:31
13,-87.95965,216,G 13,41.92755,2/5/2021 2:32
13,-87.95965,216,G 13,41.92755,2/5/2021 2:32
11,-87.96272,220,G 13,41.92448,2/5/2021 2:32
6,-87.96427,286,G 13,41.92323,2/5/2021 2:33
16,-87.96958,298,G 13,41.92563,2/5/2021 2:33
15,-87.9729,298,G 13,41.92707,2/5/2021 2:34
5,-87.97793,328,G 13,41.9292,2/5/2021 2:34
14,-87.97688,28,G 13,41.9311,2/5/2021 2:35
13,-87.97762,354,G 13,41.93535,2/5/2021 2:36
13,-87.9779,352,G 13,41.93783,2/5/2021 2:36
14,-87.97872,10,G 13,41.94272,2/5/2021 2:37
5,-87.97785,18,G 13,41.94463,2/5/2021 2:37
15,-87.97678,6,G 13,41.94868,2/5/2021 2:38
14,-87.97695,342,G 13,41.9511,2/5/2021 2:38
12,-87.97892,356,G 13,41.95568,2/5/2021 2:39
13,-87.97878,358,G 13,41.95783,2/5/2021 2:39
10,-87.9788,0,G 13,41.96237,2/5/2021 2:40
0,-87.97875,10,G 13,41.96357,2/5/2021 2:40
11,-87.9788,0,G 13,41.9667,2/5/2021 2:41
11,-87.9788,0,G 13,41.9667,2/5/2021 2:41
12,-87.97885,350,G 13,41.97167,2/5/2021 2:41
14,-87.97935,350,G 13,41.9735,2/5/2021 2:42
14,-87.97972,358,G 13,41.9787,2/5/2021 2:42
13,-87.97983,358,G 13,41.9813,2/5/2021 2:43
5,-87.98035,274,G 13,41.9842,2/5/2021 2:43
9,-87.98522,266,G 13,41.98412,2/5/2021 2:44
5,-87.98683,192,G 13,41.98392,2/5/2021 2:44
5,-87.9866,104,G 13,41.98298,2/5/2021 2:45
12,-87.98133,90,G 13,41.98288,2/5/2021 2:45
8,-87.97942,88,G 13,41.98297,2/5/2021 2:46
11,-87.97338,90,G 13,41.98298,2/5/2021 2:46
6,-87.9709,88,G 13,41.98297,2/5/2021 2:47
13,-87.96595,92,G 13,41.98282,2/5/2021 2:47
14,-87.9627,98,G 13,41.98267,2/5/2021 2:48
1,-87.95982,102,G 13,41.98227,2/5/2021 2:48
8,-87.95582,102,G 13,41.9817,2/5/2021 2:49
1,-87.95433,114,G 13,41.98142,2/5/2021 2:49
1,-87.95308,106,G 13,41.98118,2/5/2021 2:50
11,-87.94807,104,G 13,41.98015,2/5/2021 2:50
14,-87.94502,120,G 13,41.97933,2/5/2021 2:51
9,-87.94075,122,G 13,41.97615,2/5/2021 2:51
10,-87.93962,358,G 13,41.97655,2/5/2021 2:52
15,-87.93968,0,G 13,41.98078,2/5/2021 2:52
15,-87.9397,358,G 13,41.98353,2/5/2021 2:53
14,-87.9398,358,G 13,41.98918,2/5/2021 2:53
14,-87.93985,358,G 13,41.99185,2/5/2021 2:54
2,-87.94005,176,G 13,41.99353,2/5/2021 2:54
14,-87.93992,178,G 13,41.9894,2/5/2021 2:55
15,-87.93985,178,G 13,41.9867,2/5/2021 2:55
15,-87.93977,178,G 13,41.98127,2/5/2021 2:56
15,-87.93975,178,G 13,41.97855,2/5/2021 2:56
7,-87.93975,178,G 13,41.97415,2/5/2021 2:57
1,-87.9397,178,G 13,41.9734,2/5/2021 2:57
12,-87.93968,178,G 13,41.96998,2/5/2021 2:58
13,-87.93967,178,G 13,41.96763,2/5/2021 2:58
12,-87.93965,178,G 13,41.96307,2/5/2021 2:59
0,-87.93957,182,G 13,41.96128,2/5/2021 2:59
0,-87.93957,182,G 13,41.96128,2/5/2021 2:59
1,-87.93955,184,G 13,41.96125,2/5/2021 3:00
3,-87.93943,14,G 13,41.96092,2/5/2021 3:01
0,-87.93952,16,G 13,41.96412,2/5/2021 3:01
2,-87.93968,196,G 13,41.96423,2/5/2021 3:02
2,-87.93965,180,G 13,41.9614,2/5/2021 3:02
4,-87.93943,24,G 13,41.9609,2/5/2021 3:03
11,-87.93938,358,G 13,41.96252,2/5/2021 3:03
15,-87.93955,358,G 13,41.9673,2/5/2021 3:04
14,-87.9396,358,G 13,41.97008,2/5/2021 3:04
11,-87.93965,358,G 13,41.97408,2/5/2021 3:05
7,-87.94003,282,G 13,41.97608,2/5/2021 3:05
16,-87.94522,298,G 13,41.97948,2/5/2021 3:06
15,-87.94875,282,G 13,41.98035,2/5/2021 3:06
5,-87.95265,358,G 13,41.98137,2/5/2021 3:07
0,-87.95268,320,G 13,41.98148,2/5/2021 3:07
0,-87.95268,320,G 13,41.98148,2/5/2021 3:07
1,-87.95268,356,G 13,41.98168,2/5/2021 3:08
12,-87.95502,288,G 13,41.98267,2/5/2021 3:09
11,-87.95787,284,G 13,41.98335,2/5/2021 3:09
16,-87.9642,268,G 13,41.98353,2/5/2021 3:10
18,-87.96868,270,G 13,41.98355,2/5/2021 3:10
21,-87.97557,270,G 13,41.98375,2/5/2021 3:11
20,-87.98582,266,G 13,41.98363,2/5/2021 3:11
22,-87.99162,266,G 13,41.98347,2/5/2021 3:12
20,-88.0013,280,G 13,41.98382,2/5/2021 3:12
20,-88.01138,268,G 13,41.98422,2/5/2021 3:13
22,-88.01798,280,G 13,41.98443,2/5/2021 3:13
22,-88.02582,286,G 13,41.98637,2/5/2021 3:14
21,-88.03103,288,G 13,41.98775,2/5/2021 3:14
24,-88.04102,296,G 13,41.99072,2/5/2021 3:15
21,-88.04628,282,G 13,41.9922,2/5/2021 3:15
23,-88.05748,266,G 13,41.99235,2/5/2021 3:16
20,-88.06395,266,G 13,41.9921,2/5/2021 3:16
21,-88.0712,272,G 13,41.9919,2/5/2021 3:17
23,-88.07643,296,G 13,41.99297,2/5/2021 3:17
19,-88.08768,288,G 13,41.99728,2/5/2021 3:18
22,-88.09392,266,G 13,41.9978,2/5/2021 3:18
23,-88.09965,266,G 13,41.99753,2/5/2021 3:19
23,-88.11092,266,G 13,41.99703,2/5/2021 3:19
15,-88.11877,242,G 13,41.99563,2/5/2021 3:20
15,-88.1218,212,G 13,41.99408,2/5/2021 3:20
15,-88.12225,176,G 13,41.98815,2/5/2021 3:21
17,-88.11857,170,G 13,41.98395,2/5/2021 3:21
18,-88.1186,178,G 13,41.98073,2/5/2021 3:22
14,-88.11878,178,G 13,41.97458,2/5/2021 3:22
0,-88.11958,218,G 13,41.97227,2/5/2021 3:23
2,-88.1196,204,G 13,41.97225,2/5/2021 3:23
18,-88.12038,180,G 13,41.97003,2/5/2021 3:24
21,-88.12048,180,G 13,41.96243,2/5/2021 3:24
20,-88.12052,178,G 13,41.95955,2/5/2021 3:25
11,-88.12122,266,G 13,41.95305,2/5/2021 3:25
22,-88.1279,266,G 13,41.95288,2/5/2021 3:26
22,-88.13332,264,G 13,41.95265,2/5/2021 3:26
20,-88.14255,264,G 13,41.95205,2/5/2021 3:27
18,-88.14747,266,G 13,41.95185,2/5/2021 3:27
19,-88.15028,178,G 13,41.94978,2/5/2021 3:28
19,-88.1503,180,G 13,41.94422,2/5/2021 3:29
0,-88.15045,186,G 13,41.94097,2/5/2021 3:29
2,-88.15045,186,G 13,41.94097,2/5/2021 3:29
20,-88.15038,180,G 13,41.93508,2/5/2021 3:30
20,-88.15043,180,G 13,41.93037,2/5/2021 3:30
21,-88.15048,180,G 13,41.92412,2/5/2021 3:31
20,-88.15055,180,G 13,41.91992,2/5/2021 3:31
18,-88.15043,178,G 13,41.91368,2/5/2021 3:32
18,-88.15048,180,G 13,41.91015,2/5/2021 3:32
21,-88.1506,180,G 13,41.9036,2/5/2021 3:33
20,-88.15072,180,G 13,41.8999,2/5/2021 3:33
20,-88.15123,186,G 13,41.89073,2/5/2021 3:34
20,-88.15082,164,G 13,41.88717,2/5/2021 3:34
19,-88.1484,164,G 13,41.88008,2/5/2021 3:35
19,-88.1472,164,G 13,41.8766,2/5/2021 3:35
19,-88.14487,162,G 13,41.87055,2/5/2021 3:36
16,-88.14385,166,G 13,41.86728,2/5/2021 3:36
6,-88.1452,266,G 13,41.86537,2/5/2021 3:37
4,-88.14595,310,G 13,41.8656,2/5/2021 3:37
0,-88.1467,202,G 13,41.86597,2/5/2021 3:38
0,-88.1467,202,G 13,41.86597,2/5/2021 3:38
0,-88.1467,202,G 13,41.86597,2/5/2021 3:38
0,-88.1467,202,G 13,41.86597,2/5/2021 3:38
0,-88.14672,192,G 13,41.86588,2/5/2021 3:40
0,-88.14672,192,G 13,41.86588,2/5/2021 3:40
0,-88.14672,192,G 13,41.86588,2/5/2021 3:40
0,-88.14672,192,G 13,41.86588,2/5/2021 3:40
0,-88.14672,192,G 13,41.86588,2/5/2021 3:40
0,-88.14672,192,G 13,41.86588,2/5/2021 3:40
0,-88.14672,192,G 13,41.86588,2/5/2021 3:40
0,-88.14673,192,G 13,41.86565,2/5/2021 3:43
0,-88.14673,192,G 13,41.86565,2/5/2021 3:43
0,-88.14673,192,G 13,41.86565,2/5/2021 3:43
0,-88.14673,192,G 13,41.86565,2/5/2021 3:43
0,-88.14673,192,G 13,41.86565,2/5/2021 3:43
0,-88.14673,192,G 13,41.86565,2/5/2021 3:43
2,-88.14543,172,G 13,41.86545,2/5/2021 3:47
0,-88.14583,276,G 13,41.86532,2/5/2021 3:47
0,-88.14583,276,G 13,41.86532,2/5/2021 3:47
0,-88.14583,276,G 13,41.86532,2/5/2021 3:47
0,-88.14583,276,G 13,41.86532,2/5/2021 3:47
0,-88.14583,276,G 13,41.86532,2/5/2021 3:47
0,-88.14583,276,G 13,41.86532,2/5/2021 3:47
0,-88.14583,276,G 13,41.86532,2/5/2021 3:47
0,-88.14583,276,G 13,41.86532,2/5/2021 3:47
0,-88.14583,276,G 13,41.86532,2/5/2021 3:47
0,-88.14583,276,G 13,41.86532,2/5/2021 3:47
0,-88.14583,276,G 13,41.86532,2/5/2021 3:47
0,-88.14583,276,G 13,41.86532,2/5/2021 3:47
0,-88.14583,276,G 13,41.86532,2/5/2021 3:47
0,-88.14583,276,G 13,41.86532,2/5/2021 3:47
0,-88.14583,276,G 13,41.86532,2/5/2021 3:47
0,-88.14583,276,G 13,41.86532,2/5/2021 3:47
0,-88.14583,276,G 13,41.86532,2/5/2021 3:47
0,-88.14583,276,G 13,41.86532,2/5/2021 3:47
0,-88.14583,276,G 13,41.86532,2/5/2021 3:47
0,-88.14583,276,G 13,41.86532,2/5/2021 3:47
0,-88.14583,276,G 13,41.86532,2/5/2021 3:47
0,-88.14583,276,G 13,41.86532,2/5/2021 3:47
0,-88.14583,276,G 13,41.86532,2/5/2021 3:47
0,-88.14583,276,G 13,41.86532,2/5/2021 3:47
0,-88.14583,276,G 13,41.86532,2/5/2021 3:47
0,-88.14583,276,G 13,41.86532,2/5/2021 3:47
0,-88.14583,276,G 13,41.86532,2/5/2021 3:47
0,-88.14583,276,G 13,41.86532,2/5/2021 3:47
0,-88.14607,70,G 13,41.8651,2/5/2021 4:01
0,-88.14607,70,G 13,41.8651,2/5/2021 4:01
0,-88.14607,70,G 13,41.8651,2/5/2021 4:01
0,-88.14607,70,G 13,41.8651,2/5/2021 4:01
0,-88.14607,70,G 13,41.8651,2/5/2021 4:01
0,-88.14607,70,G 13,41.8651,2/5/2021 4:01
0,-88.14607,70,G 13,41.8651,2/5/2021 4:01
0,-88.14607,70,G 13,41.8651,2/5/2021 4:01
0,-88.14607,70,G 13,41.8651,2/5/2021 4:01
0,-88.14607,70,G 13,41.8651,2/5/2021 4:01
0,-88.14607,70,G 13,41.8651,2/5/2021 4:01
0,-88.14607,70,G 13,41.8651,2/5/2021 4:01
0,-88.14607,70,G 13,41.8651,2/5/2021 4:01
0,-88.14607,70,G 13,41.8651,2/5/2021 4:01
0,-88.14607,70,G 13,41.8651,2/5/2021 4:01
0,-88.14607,70,G 13,41.8651,2/5/2021 4:01
0,-88.14607,70,G 13,41.8651,2/5/2021 4:01
0,-88.14607,70,G 13,41.8651,2/5/2021 4:01
0,-88.14607,70,G 13,41.8651,2/5/2021 4:01
0,-88.14607,70,G 13,41.8651,2/5/2021 4:01
0,-88.14607,70,G 13,41.8651,2/5/2021 4:01
0,-88.14607,70,G 13,41.8651,2/5/2021 4:01
0,-88.14607,70,G 13,41.8651,2/5/2021 4:01
0,-88.14607,70,G 13,41.8651,2/5/2021 4:01
0,-88.14607,70,G 13,41.8651,2/5/2021 4:01
0,-88.14607,70,G 13,41.8651,2/5/2021 4:01
0,-88.14607,70,G 13,41.8651,2/5/2021 4:01
3,-88.14497,28,G 13,41.86537,2/5/2021 4:14
2,-88.14375,76,G 13,41.86593,2/5/2021 4:15
14,-88.144,346,G 13,41.86823,2/5/2021 4:15
17,-88.14495,344,G 13,41.8712,2/5/2021 4:16
15,-88.14707,344,G 13,41.87655,2/5/2021 4:16
18,-88.14808,344,G 13,41.87947,2/5/2021 4:17
18,-88.15032,344,G 13,41.88612,2/5/2021 4:17
18,-88.15135,356,G 13,41.88935,2/5/2021 4:18
18,-88.15062,0,G 13,41.896,2/5/2021 4:18
18,-88.15057,0,G 13,41.89945,2/5/2021 4:19
16,-88.1504,358,G 13,41.90572,2/5/2021 4:19
1,-88.1504,2,G 13,41.90723,2/5/2021 4:20
11,-88.15033,0,G 13,41.90832,2/5/2021 4:20
17,-88.15032,0,G 13,41.9138,2/5/2021 4:21
18,-88.15042,358,G 13,41.91728,2/5/2021 4:21
20,-88.15037,0,G 13,41.9242,2/5/2021 4:22
18,-88.1503,358,G 13,41.92782,2/5/2021 4:22
19,-88.15025,0,G 13,41.93453,2/5/2021 4:23
18,-88.15023,358,G 13,41.9379,2/5/2021 4:23
15,-88.15017,0,G 13,41.94235,2/5/2021 4:24
17,-88.15015,358,G 13,41.94533,2/5/2021 4:24
16,-88.1501,358,G 13,41.95003,2/5/2021 4:25
7,-88.14975,86,G 13,41.95183,2/5/2021 4:25
20,-88.14198,84,G 13,41.95203,2/5/2021 4:26
20,-88.13442,86,G 13,41.95255,2/5/2021 4:26
19,-88.12973,86,G 13,41.95278,2/5/2021 4:27
0,-88.12072,102,G 13,41.95305,2/5/2021 4:27
8,-88.12037,2,G 13,41.95335,2/5/2021 4:28
19,-88.12035,358,G 13,41.95902,2/5/2021 4:28
19,-88.12032,0,G 13,41.9624,2/5/2021 4:29
17,-88.12025,0,G 13,41.96955,2/5/2021 4:29
13,-88.11963,32,G 13,41.97198,2/5/2021 4:30
19,-88.11858,0,G 13,41.97808,2/5/2021 4:30
16,-88.1185,0,G 13,41.98152,2/5/2021 4:31
17,-88.12118,316,G 13,41.98678,2/5/2021 4:31
16,-88.1221,4,G 13,41.99125,2/5/2021 4:32
19,-88.12048,40,G 13,41.994,2/5/2021 4:32
22,-88.11048,86,G 13,41.99683,2/5/2021 4:33
23,-88.10483,86,G 13,41.99708,2/5/2021 4:33
24,-88.093,86,G 13,41.99758,2/5/2021 4:34
24,-88.08762,108,G 13,41.99708,2/5/2021 4:34
26,-88.0761,114,G 13,41.99257,2/5/2021 4:35
26,-88.0699,88,G 13,41.99163,2/5/2021 4:35
26,-88.05695,86,G 13,41.99213,2/5/2021 4:36
24,-88.05073,88,G 13,41.99237,2/5/2021 4:36
22,-88.045,106,G 13,41.99173,2/5/2021 4:37
23,-88.0345,108,G 13,41.98818,2/5/2021 4:37
25,-88.02895,108,G 13,41.9868,2/5/2021 4:38
25,-88.01765,98,G 13,41.98402,2/5/2021 4:38
23,-88.01153,88,G 13,41.98382,2/5/2021 4:39
22,-88.00002,98,G 13,41.98338,2/5/2021 4:39
24,-87.99447,86,G 13,41.98308,2/5/2021 4:40
15,-87.98382,86,G 13,41.98318,2/5/2021 4:40
0,-87.98075,94,G 13,41.98297,2/5/2021 4:41
5,-87.97997,6,G 13,41.98317,2/5/2021 4:41
6,-87.98032,274,G 13,41.98417,2/5/2021 4:42
10,-87.98572,266,G 13,41.98407,2/5/2021 4:42
4,-87.98668,130,G 13,41.983,2/5/2021 4:43
11,-87.98358,86,G 13,41.98305,2/5/2021 4:43
0,-87.98045,90,G 13,41.98295,2/5/2021 4:44
13,-87.97832,88,G 13,41.983,2/5/2021 4:44
14,-87.9751,90,G 13,41.98303,2/5/2021 4:45
5,-87.97047,80,G 13,41.983,2/5/2021 4:45
12,-87.96798,92,G 13,41.98293,2/5/2021 4:46
15,-87.96168,98,G 13,41.9826,2/5/2021 4:46
0,-87.95973,100,G 13,41.98235,2/5/2021 4:47
0,-87.95973,100,G 13,41.98235,2/5/2021 4:47
10,-87.95792,104,G 13,41.98213,2/5/2021 4:48
9,-87.95557,104,G 13,41.9817,2/5/2021 4:48
5,-87.95263,6,G 13,41.98132,2/5/2021 4:49
4,-87.95267,316,G 13,41.98205,2/5/2021 4:49
10,-87.95528,290,G 13,41.9827,2/5/2021 4:50
0,-87.95878,284,G 13,41.9835,2/5/2021 4:50
1,-87.95878,284,G 13,41.9835,2/5/2021 4:51
11,-87.96313,272,G 13,41.98377,2/5/2021 4:51
12,-87.9661,270,G 13,41.98383,2/5/2021 4:52
4,-87.97048,182,G 13,41.98378,2/5/2021 4:52
4,-87.97023,88,G 13,41.98293,2/5/2021 4:53
13,-87.96443,90,G 13,41.9828,2/5/2021 4:53
14,-87.96107,98,G 13,41.98248,2/5/2021 4:54
0,-87.95975,108,G 13,41.98232,2/5/2021 4:54
2,-87.95973,98,G 13,41.98232,2/5/2021 4:55
10,-87.95772,100,G 13,41.98205,2/5/2021 4:55
2,-87.95427,108,G 13,41.9814,2/5/2021 4:56
2,-87.95312,106,G 13,41.98115,2/5/2021 4:56
12,-87.94803,104,G 13,41.98022,2/5/2021 4:57
13,-87.94503,118,G 13,41.97935,2/5/2021 4:57
8,-87.9406,116,G 13,41.97607,2/5/2021 4:58
0,-87.94008,104,G 13,41.97593,2/5/2021 4:58
10,-87.93962,358,G 13,41.97683,2/5/2021 4:59
15,-87.93967,0,G 13,41.98172,2/5/2021 5:00
14,-87.9397,358,G 13,41.9844,2/5/2021 5:00
13,-87.93978,358,G 13,41.98932,2/5/2021 5:01
12,-87.93982,358,G 13,41.9919,2/5/2021 5:01
3,-87.94003,178,G 13,41.99355,2/5/2021 5:01
13,-87.93993,178,G 13,41.99023,2/5/2021 5:02
13,-87.93988,178,G 13,41.98777,2/5/2021 5:02
14,-87.9398,178,G 13,41.9827,2/5/2021 5:03
13,-87.93977,178,G 13,41.9802,2/5/2021 5:03
10,-87.93975,180,G 13,41.97587,2/5/2021 5:04
9,-87.93973,178,G 13,41.97398,2/5/2021 5:04
12,-87.93973,178,G 13,41.9717,2/5/2021 5:05
12,-87.93968,178,G 13,41.96945,2/5/2021 5:05
12,-87.93968,180,G 13,41.96485,2/5/2021 5:06
11,-87.93957,172,G 13,41.9626,2/5/2021 5:06
2,-87.93943,36,G 13,41.96085,2/5/2021 5:07
10,-87.93942,350,G 13,41.96265,2/5/2021 5:07
3,-87.93968,200,G 13,41.96418,2/5/2021 5:08
0,-87.93967,178,G 13,41.9616,2/5/2021 5:09
0,-87.93967,178,G 13,41.9616,2/5/2021 5:09
2,-87.93965,184,G 13,41.9616,2/5/2021 5:09
11,-87.93937,358,G 13,41.9626,2/5/2021 5:10
10,-87.93952,0,G 13,41.96468,2/5/2021 5:10
14,-87.93957,0,G 13,41.96935,2/5/2021 5:11
13,-87.93958,0,G 13,41.97178,2/5/2021 5:11
11,-87.93962,358,G 13,41.97435,2/5/2021 5:12
11,-87.93957,2,G 13,41.97643,2/5/2021 5:12
2,-87.9398,174,G 13,41.97942,2/5/2021 5:13
10,-87.93975,178,G 13,41.97812,2/5/2021 5:13
10,-87.93977,176,G 13,41.97408,2/5/2021 5:14
1,-87.93977,180,G 13,41.9735,2/5/2021 5:14
3,-87.93957,0,G 13,41.97203,2/5/2021 5:15
12,-87.93958,358,G 13,41.97458,2/5/2021 5:16
2,-87.93965,310,G 13,41.976,2/5/2021 5:16
12,-87.94305,316,G 13,41.97818,2/5/2021 5:16
12,-87.94553,296,G 13,41.97962,2/5/2021 5:17
11,-87.9507,284,G 13,41.98077,2/5/2021 5:17
6,-87.95267,6,G 13,41.98145,2/5/2021 5:18
2,-87.95413,284,G 13,41.98243,2/5/2021 5:18
10,-87.95545,288,G 13,41.98275,2/5/2021 5:19
0,-87.9588,282,G 13,41.98362,2/5/2021 5:19
8,-87.95913,354,G 13,41.98395,2/5/2021 5:20
3,-87.9592,358,G 13,41.98817,2/5/2021 5:20
5,-87.95947,180,G 13,41.98827,2/5/2021 5:21
9,-87.95943,180,G 13,41.98643,2/5/2021 5:21
4,-87.95945,196,G 13,41.9838,2/5/2021 5:22
11,-87.96243,272,G 13,41.98378,2/5/2021 5:22
12,-87.9653,272,G 13,41.98385,2/5/2021 5:23
1,-87.97003,274,G 13,41.984,2/5/2021 5:24
12,-87.972,270,G 13,41.98403,2/5/2021 5:24
11,-87.97823,270,G 13,41.98417,2/5/2021 5:25
0,-87.97953,268,G 13,41.98417,2/5/2021 5:25
0,-87.97953,268,G 13,41.98417,2/5/2021 5:25
12,-87.9817,264,G 13,41.9841,2/5/2021 5:26
15,-87.98528,266,G 13,41.98368,2/5/2021 5:26
16,-87.9933,270,G 13,41.98348,2/5/2021 5:27
9,-87.99758,282,G 13,41.9837,2/5/2021 5:27
10,-87.99835,168,G 13,41.98217,2/5/2021 5:28
2,-87.9981,84,G 13,41.98062,2/5/2021 5:28
10,-87.99808,356,G 13,41.98207,2/5/2021 5:29
6,-87.99847,346,G 13,41.98373,2/5/2021 5:29
7,-88.00045,316,G 13,41.9868,2/5/2021 5:30
12,-87.99938,152,G 13,41.98557,2/5/2021 5:30
1,-87.99872,174,G 13,41.98407,2/5/2021 5:31
11,-87.99837,170,G 13,41.98238,2/5/2021 5:31
3,-87.998,4,G 13,41.98068,2/5/2021 5:32
13,-87.99863,342,G 13,41.98443,2/5/2021 5:32
10,-88.00015,318,G 13,41.9866,2/5/2021 5:33
10,-88.0029,332,G 13,41.98898,2/5/2021 5:33
10,-88.00308,0,G 13,41.99068,2/5/2021 5:34
1,-88.00305,0,G 13,41.99232,2/5/2021 5:34
3,-88.00318,170,G 13,41.99255,2/5/2021 5:35
2,-88.00303,32,G 13,41.99125,2/5/2021 5:35
0,-88.00298,0,G 13,41.99207,2/5/2021 5:36
1,-88.00318,214,G 13,41.99263,2/5/2021 5:36
10,-88.00318,180,G 13,41.9913,2/5/2021 5:37
11,-88.0018,138,G 13,41.98775,2/5/2021 5:37
9,-88.00017,138,G 13,41.98643,2/5/2021 5:38
4,-87.99907,256,G 13,41.98392,2/5/2021 5:38
3,-88.0038,244,G 13,41.9846,2/5/2021 5:39
6,-88.00388,98,G 13,41.98337,2/5/2021 5:39
12,-88.00152,108,G 13,41.98303,2/5/2021 5:40
5,-87.99837,166,G 13,41.9824,2/5/2021 5:40
13,-87.99818,180,G 13,41.97793,2/5/2021 5:41
14,-87.99822,180,G 13,41.97525,2/5/2021 5:41
10,-87.99818,180,G 13,41.9706,2/5/2021 5:42
1,-87.99823,188,G 13,41.96968,2/5/2021 5:42
0,-87.99838,184,G 13,41.96692,2/5/2021 5:43
6,-87.99808,102,G 13,41.96645,2/5/2021 5:43
14,-87.99587,102,G 13,41.9661,2/5/2021 5:44
2,-87.99045,142,G 13,41.96523,2/5/2021 5:44
9,-87.99025,178,G 13,41.96402,2/5/2021 5:45
11,-87.98985,174,G 13,41.96,2/5/2021 5:45
12,-87.98958,174,G 13,41.95763,2/5/2021 5:46
14,-87.98907,176,G 13,41.95313,2/5/2021 5:46
3,-87.98862,4,G 13,41.93208,2/5/2021 5:50
13,-87.98863,358,G 13,41.9358,2/5/2021 5:51
13,-87.98865,358,G 13,41.93805,2/5/2021 5:51
13,-87.98862,0,G 13,41.94323,2/5/2021 5:52
14,-87.98862,358,G 13,41.94585,2/5/2021 5:52
14,-87.98873,354,G 13,41.95088,2/5/2021 5:53
14,-87.98905,356,G 13,41.95412,2/5/2021 5:53
13,-87.98953,354,G 13,41.95822,2/5/2021 5:54
14,-87.98977,356,G 13,41.96065,2/5/2021 5:54
4,-87.99022,356,G 13,41.965,2/5/2021 5:55
6,-87.99042,304,G 13,41.96537,2/5/2021 5:55
13,-87.9933,282,G 13,41.96582,2/5/2021 5:56
5,-87.99823,328,G 13,41.96665,2/5/2021 5:56
10,-87.99827,0,G 13,41.9683,2/5/2021 5:57
2,-87.99813,2,G 13,41.96975,2/5/2021 5:57
12,-87.9981,358,G 13,41.97215,2/5/2021 5:58
15,-87.99808,0,G 13,41.97633,2/5/2021 5:58
15,-87.99808,0,G 13,41.97927,2/5/2021 5:59
4,-87.9979,70,G 13,41.98267,2/5/2021 5:59
16,-87.9914,86,G 13,41.98313,2/5/2021 6:00
14,-87.9878,88,G 13,41.98323,2/5/2021 6:00
11,-87.98073,88,G 13,41.98293,2/5/2021 6:01
6,-87.97997,6,G 13,41.98415,2/5/2021 6:01
6,-87.97993,2,G 13,41.98558,2/5/2021 6:02
1,-87.98002,174,G 13,41.98595,2/5/2021 6:02
7,-87.98008,180,G 13,41.98397,2/5/2021 6:03
8,-87.98005,178,G 13,41.98307,2/5/2021 6:03
2,-87.97977,350,G 13,41.98113,2/5/2021 6:04
2,-87.97997,358,G 13,41.98272,2/5/2021 6:04
12,-87.97992,358,G 13,41.98503,2/5/2021 6:05
12,-87.97982,0,G 13,41.98733,2/5/2021 6:05
9,-87.97957,2,G 13,41.99187,2/5/2021 6:06
3,-87.9795,12,G 13,41.99268,2/5/2021 6:06
10,-87.97965,182,G 13,41.9915,2/5/2021 6:07
12,-87.97977,180,G 13,41.98907,2/5/2021 6:07
8,-87.98005,184,G 13,41.98503,2/5/2021 6:08
9,-87.98013,178,G 13,41.98322,2/5/2021 6:08
12,-87.97983,176,G 13,41.97995,2/5/2021 6:09
13,-87.97968,178,G 13,41.97653,2/5/2021 6:10
14,-87.9793,168,G 13,41.97283,2/5/2021 6:10
12,-87.9788,178,G 13,41.97057,2/5/2021 6:10
12,-87.97885,178,G 13,41.96597,2/5/2021 6:11
0,-87.97887,178,G 13,41.96388,2/5/2021 6:12
0,-87.97887,180,G 13,41.96368,2/5/2021 6:12
0,-87.97887,180,G 13,41.96368,2/5/2021 6:12
7,-87.97885,178,G 13,41.96305,2/5/2021 6:13
1,-87.97875,336,G 13,41.96228,2/5/2021 6:13
0,-87.97882,356,G 13,41.96302,2/5/2021 6:14
0,-87.97883,356,G 13,41.96303,2/5/2021 6:14
3,-87.97883,358,G 13,41.96305,2/5/2021 6:15
4,-87.97878,2,G 13,41.96382,2/5/2021 6:15
6,-87.97892,190,G 13,41.9648,2/5/2021 6:16
0,-87.97898,178,G 13,41.96418,2/5/2021 6:16
0,-87.97898,172,G 13,41.96385,2/5/2021 6:17
0,-87.97975,290,G 13,41.96357,2/5/2021 6:17
4,-87.97895,154,G 13,41.96327,2/5/2021 6:18
10,-87.97887,178,G 13,41.96108,2/5/2021 6:18
13,-87.97887,178,G 13,41.95758,2/5/2021 6:19
13,-87.97887,176,G 13,41.9551,2/5/2021 6:19
13,-87.97693,160,G 13,41.95097,2/5/2021 6:20
15,-87.97713,188,G 13,41.94713,2/5/2021 6:20
14,-87.97845,196,G 13,41.94328,2/5/2021 6:21
14,-87.97845,168,G 13,41.94068,2/5/2021 6:21
13,-87.97765,174,G 13,41.93538,2/5/2021 6:22
12,-87.97672,158,G 13,41.93323,2/5/2021 6:22
6,-87.97782,206,G 13,41.92985,2/5/2021 6:23
0,-87.97802,204,G 13,41.9296,2/5/2021 6:23
5,-87.97837,208,G 13,41.92905,2/5/2021 6:24
1,-87.97893,20,G 13,41.92795,2/5/2021 6:25
0,-87.97842,26,G 13,41.92885,2/5/2021 6:25
0,-87.97842,26,G 13,41.92885,2/5/2021 6:25
0,-87.97842,26,G 13,41.92885,2/5/2021 6:25
11,-87.97752,26,G 13,41.93008,2/5/2021 6:26
2,-87.97663,224,G 13,41.93192,2/5/2021 6:27
8,-87.9777,210,G 13,41.93015,2/5/2021 6:27
0,-87.9782,206,G 13,41.92945,2/5/2021 6:28
4,-87.9784,250,G 13,41.92923,2/5/2021 6:28
11,-87.98087,288,G 13,41.92983,2/5/2021 6:29
1,-87.98185,134,G 13,41.93,2/5/2021 6:29
2,-87.97865,128,G 13,41.92913,2/5/2021 6:30
11,-87.97932,178,G 13,41.92715,2/5/2021 6:30
13,-87.97812,150,G 13,41.92502,2/5/2021 6:31
12,-87.97508,154,G 13,41.92072,2/5/2021 6:31
13,-87.97377,156,G 13,41.91855,2/5/2021 6:32
14,-87.97183,164,G 13,41.91377,2/5/2021 6:32
13,-87.97105,166,G 13,41.91127,2/5/2021 6:33
9,-87.96932,160,G 13,41.9067,2/5/2021 6:33
4,-87.969,184,G 13,41.9058,2/5/2021 6:34
9,-87.96902,344,G 13,41.90608,2/5/2021 6:34
13,-87.96965,344,G 13,41.90772,2/5/2021 6:35
13,-87.97127,346,G 13,41.9123,2/5/2021 6:35
13,-87.97212,344,G 13,41.91478,2/5/2021 6:36
10,-87.97418,338,G 13,41.91943,2/5/2021 6:36
12,-87.97538,332,G 13,41.92138,2/5/2021 6:37
12,-87.97683,330,G 13,41.92338,2/5/2021 6:37
11,-87.97905,26,G 13,41.92792,2/5/2021 6:38
5,-87.97803,96,G 13,41.929,2/5/2021 6:38
16,-87.97228,120,G 13,41.92658,2/5/2021 6:39
0,-87.96893,106,G 13,41.9252,2/5/2021 6:39
2,-87.96892,118,G 13,41.9252,2/5/2021 6:40
13,-87.96693,118,G 13,41.92432,2/5/2021 6:40
1,-87.9654,120,G 13,41.92368,2/5/2021 6:41
8,-87.96362,36,G 13,41.92327,2/5/2021 6:41
11,-87.96113,40,G 13,41.92582,2/5/2021 6:42
8,-87.95865,38,G 13,41.92832,2/5/2021 6:42
11,-87.95612,62,G 13,41.9302,2/5/2021 6:43
1,-87.95413,84,G 13,41.9307,2/5/2021 6:43
13,-87.9513,86,G 13,41.93085,2/5/2021 6:44
10,-87.94667,86,G 13,41.93107,2/5/2021 6:44
13,-87.94362,84,G 13,41.9312,2/5/2021 6:45
12,-87.93793,84,G 13,41.93148,2/5/2021 6:45
14,-87.93483,86,G 13,41.93163,2/5/2021 6:46
16,-87.92688,92,G 13,41.93143,2/5/2021 6:46
16,-87.92293,92,G 13,41.93138,2/5/2021 6:47
6,-87.91702,36,G 13,41.9313,2/5/2021 6:47
9,-87.91695,2,G 13,41.9327,2/5/2021 6:48
0,-87.9171,6,G 13,41.93422,2/5/2021 6:48
0,-87.9171,6,G 13,41.93422,2/5/2021 6:48
0,-87.9171,6,G 13,41.93422,2/5/2021 6:48
0,-87.9171,6,G 13,41.93422,2/5/2021 6:48
0,-87.9171,6,G 13,41.93422,2/5/2021 6:48
0,-87.9171,6,G 13,41.93422,2/5/2021 6:48
0,-87.9171,6,G 13,41.93422,2/5/2021 6:48
0,-87.9171,6,G 13,41.93422,2/5/2021 6:48
0,-87.91712,6,G 13,41.93422,2/5/2021 6:52
0,-87.91712,6,G 13,41.93422,2/5/2021 6:52
4,-87.9169,174,G 13,41.93413,2/5/2021 6:53
0,-87.91703,180,G 13,41.93143,2/5/2021 6:54
0,-87.91703,180,G 13,41.93143,2/5/2021 6:54
5,-87.91713,244,G 13,41.93128,2/5/2021 6:55
11,-87.91978,272,G 13,41.9313,2/5/2021 6:55
15,-87.92612,270,G 13,41.93143,2/5/2021 6:56
14,-87.93177,272,G 13,41.9316,2/5/2021 6:57
12,-87.9367,264,G 13,41.93157,2/5/2021 6:57
12,-87.9399,266,G 13,41.93143,2/5/2021 6:57
13,-87.9458,264,G 13,41.93113,2/5/2021 6:58
12,-87.94937,266,G 13,41.93097,2/5/2021 6:58
14,-87.95485,254,G 13,41.93067,2/5/2021 6:59
13,-87.95757,224,G 13,41.92952,2/5/2021 6:59
12,-87.96117,216,G 13,41.92588,2/5/2021 7:00
2,-87.96362,224,G 13,41.92345,2/5/2021 7:01
0,-87.96363,222,G 13,41.92342,2/5/2021 7:01
2,-87.96408,156,G 13,41.92298,2/5/2021 7:02
13,-87.96243,36,G 13,41.92448,2/5/2021 7:02
14,-87.95923,36,G 13,41.9277,2/5/2021 7:03
13,-87.95607,62,G 13,41.93023,2/5/2021 7:03
2,-87.95355,298,G 13,41.93078,2/5/2021 7:03
13,-87.95755,224,G 13,41.92953,2/5/2021 7:04
16,-87.95973,216,G 13,41.9274,2/5/2021 7:04
11,-87.963,218,G 13,41.92418,2/5/2021 7:05
9,-87.96458,306,G 13,41.92335,2/5/2021 7:05
15,-87.96735,300,G 13,41.92465,2/5/2021 7:06
18,-87.97533,300,G 13,41.9281,2/5/2021 7:06
10,-87.97782,24,G 13,41.92968,2/5/2021 7:07
13,-87.9768,334,G 13,41.93357,2/5/2021 7:07
16,-87.9777,354,G 13,41.93553,2/5/2021 7:08
15,-87.9785,350,G 13,41.9409,2/5/2021 7:08
1,-87.97787,16,G 13,41.94458,2/5/2021 7:09
13,-87.97732,10,G 13,41.9464,2/5/2021 7:09
15,-87.9773,338,G 13,41.95177,2/5/2021 7:10
13,-87.9786,342,G 13,41.95415,2/5/2021 7:10
14,-87.97878,358,G 13,41.95935,2/5/2021 7:11
6,-87.97882,0,G 13,41.96288,2/5/2021 7:12
0,-87.9788,356,G 13,41.96303,2/5/2021 7:12
0,-87.9788,356,G 13,41.96303,2/5/2021 7:12
1,-87.97878,354,G 13,41.96305,2/5/2021 7:13
1,-87.97878,354,G 13,41.96367,2/5/2021 7:13
13,-87.9788,0,G 13,41.9674,2/5/2021 7:14
9,-87.97875,354,G 13,41.97102,2/5/2021 7:15
15,-87.97952,354,G 13,41.97443,2/5/2021 7:15
16,-87.97967,356,G 13,41.97725,2/5/2021 7:15
11,-87.9799,354,G 13,41.98217,2/5/2021 7:16
1,-87.97992,358,G 13,41.98263,2/5/2021 7:16
0,-87.97998,0,G 13,41.98382,2/5/2021 7:17
13,-87.98135,264,G 13,41.98415,2/5/2021 7:18
17,-87.98533,264,G 13,41.98372,2/5/2021 7:18
18,-87.9946,270,G 13,41.9835,2/5/2021 7:19
0,-87.99815,284,G 13,41.98372,2/5/2021 7:19
0,-87.99815,284,G 13,41.98372,2/5/2021 7:19
6,-87.9987,182,G 13,41.98358,2/5/2021 7:20
1,-87.99848,174,G 13,41.98287,2/5/2021 7:20
18,-87.9982,178,G 13,41.9779,2/5/2021 7:21
19,-87.9982,180,G 13,41.97443,2/5/2021 7:21
5,-87.99828,184,G 13,41.96945,2/5/2021 7:22
0,-87.99842,186,G 13,41.967,2/5/2021 7:22
5,-87.99832,134,G 13,41.9665,2/5/2021 7:23
3,-87.99683,238,G 13,41.9654,2/5/2021 7:23
0,-87.99732,300,G 13,41.96597,2/5/2021 7:24
0,-87.99747,232,G 13,41.96593,2/5/2021 7:24
0,-87.99747,232,G 13,41.96593,2/5/2021 7:24
0,-87.99747,232,G 13,41.96593,2/5/2021 7:24
0,-87.99747,232,G 13,41.96593,2/5/2021 7:24
0,-87.99747,232,G 13,41.96593,2/5/2021 7:24
0,-87.99747,232,G 13,41.96593,2/5/2021 7:24
0,-87.99747,232,G 13,41.96593,2/5/2021 7:24
0,-87.99747,232,G 13,41.96593,2/5/2021 7:24
0,-87.99747,232,G 13,41.96593,2/5/2021 7:24
0,-87.99747,232,G 13,41.96593,2/5/2021 7:24
0,-87.99747,232,G 13,41.96593,2/5/2021 7:24
0,-87.99747,232,G 13,41.96593,2/5/2021 7:24
0,-87.99747,232,G 13,41.96593,2/5/2021 7:24
0,-87.99747,232,G 13,41.96593,2/5/2021 7:24
0,-87.99747,232,G 13,41.96593,2/5/2021 7:24
0,-87.99747,232,G 13,41.96593,2/5/2021 7:24
0,-87.99747,232,G 13,41.96593,2/5/2021 7:24
0,-87.99747,232,G 13,41.96593,2/5/2021 7:24
0,-87.99747,232,G 13,41.96593,2/5/2021 7:24
0,-87.99747,232,G 13,41.96593,2/5/2021 7:24
0,-87.99747,232,G 13,41.96593,2/5/2021 7:24
0,-87.99747,232,G 13,41.96593,2/5/2021 7:24
0,-87.99747,232,G 13,41.96593,2/5/2021 7:24
0,-87.99747,232,G 13,41.96593,2/5/2021 7:24
0,-87.99747,232,G 13,41.96593,2/5/2021 7:24
0,-87.99747,232,G 13,41.96593,2/5/2021 7:24
0,-87.99747,232,G 13,41.96593,2/5/2021 7:24
0,-87.99747,232,G 13,41.96593,2/5/2021 7:24
0,-87.99747,232,G 13,41.96593,2/5/2021 7:24
0,-87.99747,232,G 13,41.96593,2/5/2021 7:24
0,-87.99747,232,G 13,41.96593,2/5/2021 7:24
0,-87.99747,232,G 13,41.96593,2/5/2021 7:24
0,-87.99747,232,G 13,41.96593,2/5/2021 7:24
0,-87.99747,232,G 13,41.96593,2/5/2021 7:24
0,-88.14687,140,G 14,41.86485,2/5/2021 7:26
0,-88.14687,140,G 14,41.86485,2/5/2021 7:26
0,-88.14672,16,G 14,41.86507,2/5/2021 7:28
0,-88.14672,16,G 14,41.86507,2/5/2021 7:28
0,-88.14672,16,G 14,41.86507,2/5/2021 7:28
0,-88.14672,16,G 14,41.86507,2/5/2021 7:28
0,-88.14672,16,G 14,41.86507,2/5/2021 7:28
0,-88.14672,16,G 14,41.86507,2/5/2021 7:28
0,-88.14672,16,G 14,41.86507,2/5/2021 7:28
0,-88.14672,16,G 14,41.86507,2/5/2021 7:28
0,-88.14672,16,G 14,41.86507,2/5/2021 7:28
0,-88.14672,16,G 14,41.86507,2/5/2021 7:28
0,-88.14672,16,G 14,41.86507,2/5/2021 7:28
0,-88.14672,16,G 14,41.86507,2/5/2021 7:28
0,-88.14672,16,G 14,41.86507,2/5/2021 7:28
3,-87.99783,278,G 13,41.96575,2/5/2021 7:41
0,-87.99832,356,G 13,41.96635,2/5/2021 7:42
0,-87.99832,356,G 13,41.96635,2/5/2021 7:42
10,-87.99765,102,G 13,41.96638,2/5/2021 7:43
15,-87.9953,100,G 13,41.96607,2/5/2021 7:43
0,-87.9906,102,G 13,41.96538,2/5/2021 7:44
0,-87.9906,102,G 13,41.96538,2/5/2021 7:44
1,-87.9906,108,G 13,41.96538,2/5/2021 7:45
15,-87.98432,102,G 13,41.96428,2/5/2021 7:45
13,-87.98075,96,G 13,41.96368,2/5/2021 7:46
1,-87.9792,94,G 13,41.96348,2/5/2021 7:46
12,-87.97878,354,G 13,41.96455,2/5/2021 7:47
13,-87.9788,0,G 13,41.96965,2/5/2021 7:47
16,-87.97937,348,G 13,41.97327,2/5/2021 7:48
16,-87.97975,358,G 13,41.97822,2/5/2021 7:48
14,-87.97987,358,G 13,41.98098,2/5/2021 7:49
0,-87.97992,358,G 13,41.98267,2/5/2021 7:49
0,-87.97995,358,G 13,41.98387,2/5/2021 7:50
13,-87.97992,0,G 13,41.98572,2/5/2021 7:50
15,-87.97978,0,G 13,41.98837,2/5/2021 7:51
2,-87.97942,316,G 13,41.99347,2/5/2021 7:52
0,-87.97955,194,G 13,41.99313,2/5/2021 7:52
0,-87.97955,194,G 13,41.99313,2/5/2021 7:52
14,-87.97965,180,G 13,41.9913,2/5/2021 7:53
15,-87.97982,182,G 13,41.98848,2/5/2021 7:53
0,-87.98008,182,G 13,41.98425,2/5/2021 7:54
1,-87.9801,182,G 13,41.98308,2/5/2021 7:55
15,-87.97988,178,G 13,41.97973,2/5/2021 7:55
14,-87.97972,178,G 13,41.97573,2/5/2021 7:56
14,-87.97903,170,G 13,41.97192,2/5/2021 7:56
12,-87.97888,180,G 13,41.96865,2/5/2021 7:57
12,-87.97893,180,G 13,41.96558,2/5/2021 7:57
12,-87.9789,178,G 13,41.9624,2/5/2021 7:58
13,-87.97888,178,G 13,41.95993,2/5/2021 7:58
11,-87.97893,176,G 13,41.9551,2/5/2021 7:59
10,-87.97827,160,G 13,41.95318,2/5/2021 7:59
9,-87.97763,156,G 13,41.95218,2/5/2021 7:59
